<?xml version = '1.0' encoding = 'UTF-8'?>
<Diagram class="oracle.dbtools.crest.swingui.relational.DPVRelational" name="Benco" id="B4C5F71D-51EE-DF44-B7EE-2C94AABD332C">
<createdBy>istva</createdBy>
<modifiedBy>istva</modifiedBy>
<createdTime>2018-10-18 16:14:36 UTC</createdTime>
<autoRoute>false</autoRoute>
<boxInbox>true</boxInbox>
<showLegend>false</showLegend>
<showLabels>false</showLabels>
<showRelAttributes>false</showRelAttributes>
<gridEnabled>false</gridEnabled>
<showGrid>false</showGrid>
<diagramColor>-1</diagramColor>
<display>false</display>
<notation>1</notation>
<objectViews>
<OView class="oracle.dbtools.crest.swingui.relational.TVTable" oid="301EAF19-56EA-688A-DDEB-9B13E4FD1901" otype="Table" vid="9F0B2BCA-A07C-2371-B729-624514F50591">
<hideElementsInCurrentOnly>false</hideElementsInCurrentOnly>
<bounds x="380" y="20" width="280" height="322"/>
</OView>
<OView class="oracle.dbtools.crest.swingui.relational.TVTable" oid="4064D2F5-20BC-EE01-1FDA-C73E907612C4" otype="Table" vid="535EB9F6-E63C-F371-533E-1ECF649459C6">
<hideElementsInCurrentOnly>false</hideElementsInCurrentOnly>
<bounds x="380" y="782" width="280" height="320"/>
</OView>
<OView class="oracle.dbtools.crest.swingui.relational.TVTable" oid="5954A2EE-7BED-C62E-1491-54ED24B077D0" otype="Table" vid="9D96FEA0-D7FE-AA3C-09C8-7A8D45DB5DF4">
<hideElementsInCurrentOnly>false</hideElementsInCurrentOnly>
<bounds x="1100" y="402" width="280" height="320"/>
</OView>
<OView class="oracle.dbtools.crest.swingui.relational.TVTable" oid="6C1677A2-C729-D926-E3A6-5135ED64BC6B" otype="Table" vid="7E7833E5-6120-5A0C-5CBE-87F917984464">
<hideElementsInCurrentOnly>false</hideElementsInCurrentOnly>
<bounds x="380" y="402" width="280" height="320"/>
</OView>
<OView class="oracle.dbtools.crest.swingui.relational.TVTable" oid="90CA56A1-E6F5-2146-7434-230825B6D959" otype="Table" vid="58D5F24F-C4A5-6056-0D0E-27D7A787B472">
<hideElementsInCurrentOnly>false</hideElementsInCurrentOnly>
<bounds x="740" y="402" width="280" height="320"/>
</OView>
<OView class="oracle.dbtools.crest.swingui.relational.TVTable" oid="91C616DD-04A7-72E2-E31E-36E93D53C70E" otype="Table" vid="15DE8606-6204-2CF1-C883-1A83DA083833">
<hideElementsInCurrentOnly>false</hideElementsInCurrentOnly>
<bounds x="20" y="20" width="280" height="322"/>
</OView>
<OView class="oracle.dbtools.crest.swingui.relational.TVTable" oid="A341B30C-3EBF-D044-13F8-55605C7C1B90" otype="Table" vid="A2FA99DC-259D-8046-B2E7-03D3730AE9FC">
<hideElementsInCurrentOnly>false</hideElementsInCurrentOnly>
<bounds x="740" y="782" width="176" height="201"/>
</OView>
<OView class="oracle.dbtools.crest.swingui.relational.TVTable" oid="A84B45F5-0379-30FB-8A67-AA671B110E67" otype="Table" vid="BFDF4B07-203B-B67F-9609-438219A87624">
<hideElementsInCurrentOnly>false</hideElementsInCurrentOnly>
<bounds x="1460" y="402" width="280" height="320"/>
</OView>
<OView class="oracle.dbtools.crest.swingui.relational.TVTable" oid="A91D2060-AB90-8E06-9748-1E0C6039F37A" otype="Table" vid="5796552E-88A9-5322-FF73-A01F79FFB103">
<hideElementsInCurrentOnly>false</hideElementsInCurrentOnly>
<bounds x="1100" y="782" width="206" height="144"/>
</OView>
<OView class="oracle.dbtools.crest.swingui.relational.TVTable" oid="C87CB32F-F78A-A37E-D451-9C0EFF77A03D" otype="Table" vid="0353287E-471B-F429-D448-3FED5D476A0D">
<hideElementsInCurrentOnly>false</hideElementsInCurrentOnly>
<bounds x="20" y="402" width="280" height="322"/>
</OView>
</objectViews>
<connectors>
<Connector class="oracle.dbtools.crest.swingui.relational.TVFKRelation" oid="057C5AB5-D597-86A1-9655-122C206AF815" otype="FKIndexAssociation" vid_source="9F0B2BCA-A07C-2371-B729-624514F50591" vid_target="5796552E-88A9-5322-FF73-A01F79FFB103">
<hideElementsInCurrentOnly>false</hideElementsInCurrentOnly>
<backgroundColor>-16777216</backgroundColor>
<lineWidth>1</lineWidth>
<points>
<point x="660" y="318"/>
<point x="620" y="863"/>
</points>
</Connector>
<Connector class="oracle.dbtools.crest.swingui.relational.TVFKRelation" oid="1563808C-BCDD-F737-ECFA-41949115BD53" otype="FKIndexAssociation" vid_source="9F0B2BCA-A07C-2371-B729-624514F50591" vid_target="0353287E-471B-F429-D448-3FED5D476A0D">
<hideElementsInCurrentOnly>false</hideElementsInCurrentOnly>
<backgroundColor>-16777216</backgroundColor>
<lineWidth>1</lineWidth>
<points>
<point x="380" y="329"/>
<point x="300" y="414"/>
</points>
</Connector>
<Connector class="oracle.dbtools.crest.swingui.relational.TVFKRelation" oid="2C6FA507-E0AF-029D-3EDC-8DE4EFE17792" otype="FKIndexAssociation" vid_source="9D96FEA0-D7FE-AA3C-09C8-7A8D45DB5DF4" vid_target="5796552E-88A9-5322-FF73-A01F79FFB103">
<hideElementsInCurrentOnly>false</hideElementsInCurrentOnly>
<backgroundColor>-16777216</backgroundColor>
<lineWidth>1</lineWidth>
<points>
<point x="1203" y="722"/>
<point x="661" y="863"/>
</points>
</Connector>
<Connector class="oracle.dbtools.crest.swingui.relational.TVFKRelation" oid="33CCB868-43FB-586E-B812-B8643D2B1E1F" otype="FKIndexAssociation" vid_source="9D96FEA0-D7FE-AA3C-09C8-7A8D45DB5DF4" vid_target="535EB9F6-E63C-F371-533E-1ECF649459C6">
<hideElementsInCurrentOnly>false</hideElementsInCurrentOnly>
<backgroundColor>-16777216</backgroundColor>
<lineWidth>1</lineWidth>
<points>
<point x="1100" y="635"/>
<point x="660" y="868"/>
</points>
</Connector>
<Connector class="oracle.dbtools.crest.swingui.relational.TVFKRelation" oid="39406F84-AD3B-067D-C32D-C6883F58F8DB" otype="FKIndexAssociation" vid_source="58D5F24F-C4A5-6056-0D0E-27D7A787B472" vid_target="7E7833E5-6120-5A0C-5CBE-87F917984464">
<hideElementsInCurrentOnly>false</hideElementsInCurrentOnly>
<backgroundColor>-16777216</backgroundColor>
<lineWidth>1</lineWidth>
<points>
<point x="740" y="562"/>
<point x="660" y="562"/>
</points>
</Connector>
<Connector class="oracle.dbtools.crest.swingui.relational.TVFKRelation" oid="3AB58DCE-76A8-4D36-F3FB-C2FC9C97BE53" otype="FKIndexAssociation" vid_source="9F0B2BCA-A07C-2371-B729-624514F50591" vid_target="15DE8606-6204-2CF1-C883-1A83DA083833">
<hideElementsInCurrentOnly>false</hideElementsInCurrentOnly>
<backgroundColor>-16777216</backgroundColor>
<lineWidth>1</lineWidth>
<points>
<point x="380" y="181"/>
<point x="300" y="181"/>
</points>
</Connector>
<Connector class="oracle.dbtools.crest.swingui.relational.TVFKRelation" oid="61D23CF0-CD75-FD9A-F04A-19A1685B1CE0" otype="FKIndexAssociation" vid_source="9D96FEA0-D7FE-AA3C-09C8-7A8D45DB5DF4" vid_target="15DE8606-6204-2CF1-C883-1A83DA083833">
<hideElementsInCurrentOnly>false</hideElementsInCurrentOnly>
<backgroundColor>-16777216</backgroundColor>
<lineWidth>1</lineWidth>
<points>
<point x="1100" y="512"/>
<point x="300" y="230"/>
</points>
</Connector>
<Connector class="oracle.dbtools.crest.swingui.relational.TVFKRelation" oid="656CA97D-AE4C-A7DF-9A77-76762E265F0A" otype="FKIndexAssociation" vid_source="0353287E-471B-F429-D448-3FED5D476A0D" vid_target="15DE8606-6204-2CF1-C883-1A83DA083833">
<hideElementsInCurrentOnly>false</hideElementsInCurrentOnly>
<backgroundColor>-16777216</backgroundColor>
<lineWidth>1</lineWidth>
<points>
<point x="160" y="402"/>
<point x="160" y="342"/>
</points>
</Connector>
<Connector class="oracle.dbtools.crest.swingui.relational.TVFKRelation" oid="805E639B-7728-A5A9-4F33-7145658EFF9E" otype="FKIndexAssociation" vid_source="BFDF4B07-203B-B67F-9609-438219A87624" vid_target="9D96FEA0-D7FE-AA3C-09C8-7A8D45DB5DF4">
<hideElementsInCurrentOnly>false</hideElementsInCurrentOnly>
<backgroundColor>-16777216</backgroundColor>
<lineWidth>1</lineWidth>
<points>
<point x="1460" y="562"/>
<point x="1380" y="562"/>
</points>
</Connector>
<Connector class="oracle.dbtools.crest.swingui.relational.TVFKRelation" oid="B502DBD2-197B-A6FD-CD7F-F4E20A9FBF07" otype="FKIndexAssociation" vid_source="7E7833E5-6120-5A0C-5CBE-87F917984464" vid_target="15DE8606-6204-2CF1-C883-1A83DA083833">
<hideElementsInCurrentOnly>false</hideElementsInCurrentOnly>
<backgroundColor>-16777216</backgroundColor>
<lineWidth>1</lineWidth>
<points>
<point x="380" y="413"/>
<point x="300" y="329"/>
</points>
</Connector>
<Connector class="oracle.dbtools.crest.swingui.relational.TVFKRelation" oid="CF7B2CA1-AD46-1307-CECB-E5EB88960024" otype="FKIndexAssociation" vid_source="58D5F24F-C4A5-6056-0D0E-27D7A787B472" vid_target="A2FA99DC-259D-8046-B2E7-03D3730AE9FC">
<hideElementsInCurrentOnly>false</hideElementsInCurrentOnly>
<backgroundColor>-16777216</backgroundColor>
<lineWidth>1</lineWidth>
<points>
<point x="828" y="722"/>
<point x="1000" y="937"/>
</points>
</Connector>
<Connector class="oracle.dbtools.crest.swingui.relational.TVFKRelation" oid="F6A2B624-6A5D-56EA-5F04-F28FE1B146EE" otype="FKIndexAssociation" vid_source="7E7833E5-6120-5A0C-5CBE-87F917984464" vid_target="535EB9F6-E63C-F371-533E-1ECF649459C6">
<hideElementsInCurrentOnly>false</hideElementsInCurrentOnly>
<backgroundColor>-16777216</backgroundColor>
<lineWidth>1</lineWidth>
<points>
<point x="520" y="722"/>
<point x="520" y="782"/>
</points>
</Connector>
</connectors>
</Diagram>