<?xml version = '1.0' encoding = 'UTF-8'?>
<Relation class="oracle.dbtools.crest.model.design.logical.Relation" name="Elfogadás feldolgoása" directorySegmentName="seg_0" id="21EAAC61-42DD-A761-7CF3-07D5EB708F43">
<createdBy>Developer</createdBy>
<createdTime>2018-11-05 16:23:12 UTC</createdTime>
<ownerDesignName>LDS</ownerDesignName>
<engineerTo>
<item key="F8C6EB76-2AB8-B214-D344-B6D8399E4325" value="true"/>
</engineerTo>
<identifying>false</identifying>
<nameOnSource>Szabad helyek</nameOnSource>
<nameOnTarget>Foglalás módosítása</nameOnTarget>
<optionalSource>true</optionalSource>
<optionalTarget>false</optionalTarget>
<sourceCardinality>*</sourceCardinality>
<sourceEntity>44CE0E5A-933E-6018-2824-534FC4E48DC4</sourceEntity>
<targetCardinalityString>*</targetCardinalityString>
<targetEntity>72398102-537D-9888-9359-D7616E8F6070</targetEntity>
<transferable>true</transferable>
<deleteRule>NO ACTION</deleteRule>
</Relation>