<?xml version = '1.0' encoding = 'UTF-8'?>
<Relation class="oracle.dbtools.crest.model.design.logical.Relation" name="Számlák véglegesítése" directorySegmentName="seg_0" id="877AF3C9-B2BC-4560-A1F1-590D6F185390">
<createdBy>Developer</createdBy>
<createdTime>2018-11-05 17:29:13 UTC</createdTime>
<ownerDesignName>LDS</ownerDesignName>
<engineerTo>
<item key="F8C6EB76-2AB8-B214-D344-B6D8399E4325" value="true"/>
</engineerTo>
<identifying>false</identifying>
<optionalSource>true</optionalSource>
<optionalTarget>false</optionalTarget>
<sourceCardinality>1</sourceCardinality>
<sourceEntity>6C7FD836-4BB5-2263-F504-8C295000BB63</sourceEntity>
<targetCardinalityString>*</targetCardinalityString>
<targetEntity>4B42B3AB-C8F8-62B9-F421-C8920C175979</targetEntity>
<transferable>true</transferable>
<deleteRule>NO ACTION</deleteRule>
</Relation>