<?xml version = '1.0' encoding = 'UTF-8'?>
<Relation class="oracle.dbtools.crest.model.design.logical.Relation" name="Foglalási igény" directorySegmentName="seg_0" id="9119729A-AB34-F7AD-D817-DBEB465109FA">
<createdBy>Developer</createdBy>
<createdTime>2018-11-05 16:01:31 UTC</createdTime>
<ownerDesignName>LDS</ownerDesignName>
<engineerTo>
<item key="F8C6EB76-2AB8-B214-D344-B6D8399E4325" value="true"/>
</engineerTo>
<identifying>false</identifying>
<nameOnSource>Forrása</nameOnSource>
<nameOnTarget>Érkezett</nameOnTarget>
<optionalSource>true</optionalSource>
<optionalTarget>false</optionalTarget>
<sourceCardinality>*</sourceCardinality>
<sourceEntity>D5FD63BC-E8EA-EA87-1AB7-AF493F5808B3</sourceEntity>
<targetCardinalityString>*</targetCardinalityString>
<targetEntity>23B295D0-6B91-1F04-A7C9-87545D8192AE</targetEntity>
<transferable>true</transferable>
<deleteRule>NO ACTION</deleteRule>
</Relation>