<?xml version = '1.0' encoding = 'UTF-8'?>
<Event class="oracle.dbtools.crest.model.design.process.Event" name="Event_1" directorySegmentName="seg_0" id="7D1F737C-1969-E294-A899-657D385F5ABD">
<createdBy>Horváth Dávid</createdBy>
<createdTime>2018-11-04 20:48:23 UTC</createdTime>
<ownerDesignName>cramhead_dfd</ownerDesignName>
<atTime>false</atTime>
<dayOfMonth>0</dayOfMonth>
<dayOfWeek>Monday thru Sunday</dayOfWeek>
<eventType>0</eventType>
<fiscal>true</fiscal>
<frequency>0</frequency>
<hour>0</hour>
<minute>0</minute>
<months>All Months</months>
<onDay>true</onDay>
<quarter>0</quarter>
<timeFreq>0</timeFreq>
<timesWhenRun>1</timesWhenRun>
<year>0</year>
</Event>