<?xml version = '1.0' encoding = 'UTF-8'?>
<Diagram class="oracle.dbtools.crest.swingui.process.DPVProcess" name="Data Flow Diagram_1" id="37B0991F-8D3A-E71B-9E3B-8BAA5CEA9CD5">
<createdBy>Horváth Dávid</createdBy>
<modifiedBy>Horváth Dávid</modifiedBy>
<createdTime>2018-11-04 20:38:07 UTC</createdTime>
<autoRoute>false</autoRoute>
<boxInbox>true</boxInbox>
<showLegend>false</showLegend>
<showLabels>false</showLabels>
<showRelAttributes>false</showRelAttributes>
<gridEnabled>false</gridEnabled>
<showGrid>false</showGrid>
<diagramColor>-1</diagramColor>
<display>false</display>
<notation>1</notation>
<objectViews>
<OView class="oracle.dbtools.crest.swingui.process.TVInfoStore" oid="04B90050-1AD9-C42B-F9FB-4684BAB08846" otype="InfoStore" vid="02EFAAEF-CAFE-2D4D-21E2-9852E0573A37">
<hideElementsInCurrentOnly>false</hideElementsInCurrentOnly>
<bounds x="884" y="300" width="140" height="30"/>
</OView>
<OView class="oracle.dbtools.crest.swingui.process.TVAgent" oid="1EAFBD32-3438-AA02-2CF8-977D3D68A3FD" otype="ExtAgent" vid="BD9B60D4-9BDD-E855-B4DE-C2094F77B2B6">
<hideElementsInCurrentOnly>false</hideElementsInCurrentOnly>
<bounds x="197" y="245" width="108" height="176"/>
</OView>
<OView class="oracle.dbtools.crest.swingui.process.TVProcess" oid="29B90CA8-69DC-8061-AF89-A1D2C6D3FED5" otype="Process" vid="E5AC114E-604C-235B-D55B-6DDA2355B923">
<hideElementsInCurrentOnly>false</hideElementsInCurrentOnly>
<bounds x="539" y="22" width="130" height="90"/>
</OView>
<OView class="oracle.dbtools.crest.swingui.process.TVInfoStore" oid="2D12BF77-9284-6B96-94D0-3927C34A96EE" otype="InfoStore" vid="DD55C443-BCA0-A85E-BFCB-857F04A1FC52">
<hideElementsInCurrentOnly>false</hideElementsInCurrentOnly>
<bounds x="713" y="163" width="140" height="30"/>
</OView>
<OView class="oracle.dbtools.crest.swingui.process.TVProcess" oid="30193596-3366-B83B-6842-A3E522156F85" otype="Process" vid="8D5257FF-41CB-BE04-0316-47B2C9C56EA8">
<hideElementsInCurrentOnly>false</hideElementsInCurrentOnly>
<bounds x="932" y="557" width="130" height="90"/>
</OView>
<OView class="oracle.dbtools.crest.swingui.process.TVProcess" oid="3E441BE3-7D2A-CE91-CD92-017A35475450" otype="Process" vid="9A955472-A794-C608-A1D8-E3B08654A979">
<hideElementsInCurrentOnly>false</hideElementsInCurrentOnly>
<bounds x="877" y="30" width="130" height="90"/>
</OView>
<OView class="oracle.dbtools.crest.swingui.process.TVProcess" oid="6368A212-27F9-EE06-E637-F5C7B63B95A0" otype="Process" vid="9BF5526D-9E89-4938-A150-EE2E1788B76F">
<hideElementsInCurrentOnly>false</hideElementsInCurrentOnly>
<bounds x="1165" y="297" width="130" height="90"/>
</OView>
<OView class="oracle.dbtools.crest.swingui.process.TVInfoStore" oid="71B73BB2-6874-7E15-1CFA-C6745CDBA7CE" otype="InfoStore" vid="161F2C82-166B-8DBF-0937-BEA7D41A47F6">
<hideElementsInCurrentOnly>false</hideElementsInCurrentOnly>
<bounds x="456" y="446" width="156" height="42"/>
</OView>
<OView class="oracle.dbtools.crest.swingui.process.TVInfoStore" oid="79AE8B6D-7925-3600-2DC5-E181DA55EC0F" otype="InfoStore" vid="C0FE8BF5-15E2-810F-6B2B-2E4E468CA776">
<hideElementsInCurrentOnly>false</hideElementsInCurrentOnly>
<bounds x="596" y="243" width="175" height="74"/>
</OView>
<OView class="oracle.dbtools.crest.swingui.process.TVProcess" oid="AD323614-A47B-854F-CC5F-10C6DB7E8BF5" otype="Process" vid="B9627AD4-AC43-13A7-24E5-0CB156FE00E5">
<hideElementsInCurrentOnly>false</hideElementsInCurrentOnly>
<bounds x="922" y="397" width="130" height="90"/>
</OView>
</objectViews>
<connectors>
<Connector class="oracle.dbtools.crest.swingui.process.TVFlow" oid="0674BF5A-7550-11AA-05A2-0EC6902F05B0" otype="Flow" vid_source="E5AC114E-604C-235B-D55B-6DDA2355B923" vid_target="DD55C443-BCA0-A85E-BFCB-857F04A1FC52">
<hideElementsInCurrentOnly>false</hideElementsInCurrentOnly>
<backgroundColor>-65536</backgroundColor>
<lineWidth>1</lineWidth>
<points>
<point x="669" y="107"/>
<point x="758" y="163"/>
</points>
</Connector>
<Connector class="oracle.dbtools.crest.swingui.process.TVFlow" oid="095239A3-09E6-1D9E-35BB-854227D7BA89" otype="Flow" vid_source="B9627AD4-AC43-13A7-24E5-0CB156FE00E5" vid_target="8D5257FF-41CB-BE04-0316-47B2C9C56EA8">
<hideElementsInCurrentOnly>false</hideElementsInCurrentOnly>
<backgroundColor>-65536</backgroundColor>
<lineWidth>1</lineWidth>
<points>
<point x="992" y="487"/>
<point x="992" y="557"/>
</points>
</Connector>
<Connector class="oracle.dbtools.crest.swingui.process.TVFlow" oid="115D3F0A-AE8C-BE6B-E249-5E0C2ACE2E4D" otype="Flow" vid_source="B9627AD4-AC43-13A7-24E5-0CB156FE00E5" vid_target="BD9B60D4-9BDD-E855-B4DE-C2094F77B2B6">
<hideElementsInCurrentOnly>false</hideElementsInCurrentOnly>
<backgroundColor>-65536</backgroundColor>
<lineWidth>1</lineWidth>
<points>
<point x="922" y="409"/>
<point x="305" y="409"/>
</points>
</Connector>
<Connector class="oracle.dbtools.crest.swingui.process.TVFlow" oid="1E3AB439-84DD-028D-4277-6FEF5BD5281C" otype="Flow" vid_source="B9627AD4-AC43-13A7-24E5-0CB156FE00E5" vid_target="BD9B60D4-9BDD-E855-B4DE-C2094F77B2B6">
<hideElementsInCurrentOnly>false</hideElementsInCurrentOnly>
<backgroundColor>-65536</backgroundColor>
<lineWidth>1</lineWidth>
<points>
<point x="922" y="409"/>
<point x="305" y="409"/>
</points>
</Connector>
<Connector class="oracle.dbtools.crest.swingui.process.TVFlow" oid="392D2009-9E7F-E48F-F50A-485DACEE3B34" otype="Flow" vid_source="C0FE8BF5-15E2-810F-6B2B-2E4E468CA776" vid_target="E5AC114E-604C-235B-D55B-6DDA2355B923">
<hideElementsInCurrentOnly>false</hideElementsInCurrentOnly>
<backgroundColor>-65536</backgroundColor>
<lineWidth>1</lineWidth>
<points>
<point x="632" y="243"/>
<point x="632" y="112"/>
</points>
</Connector>
<Connector class="oracle.dbtools.crest.swingui.process.TVFlow" oid="3FF2E76E-C47F-1CAC-17BC-AA3453D9FE1E" otype="Flow" vid_source="B9627AD4-AC43-13A7-24E5-0CB156FE00E5" vid_target="161F2C82-166B-8DBF-0937-BEA7D41A47F6">
<hideElementsInCurrentOnly>false</hideElementsInCurrentOnly>
<backgroundColor>-65536</backgroundColor>
<lineWidth>1</lineWidth>
<points>
<point x="922" y="466"/>
<point x="612" y="466"/>
</points>
</Connector>
<Connector class="oracle.dbtools.crest.swingui.process.TVFlow" oid="869C1B44-6B0A-94F4-38CF-E671895A310C" otype="Flow" vid_source="E5AC114E-604C-235B-D55B-6DDA2355B923" vid_target="BD9B60D4-9BDD-E855-B4DE-C2094F77B2B6">
<hideElementsInCurrentOnly>false</hideElementsInCurrentOnly>
<backgroundColor>-65536</backgroundColor>
<lineWidth>1</lineWidth>
<points>
<point x="544" y="112"/>
<point x="305" y="307"/>
</points>
</Connector>
<Connector class="oracle.dbtools.crest.swingui.process.TVFlow" oid="A079A505-B820-D035-1559-21AD6759A0B1" otype="Flow" vid_source="E5AC114E-604C-235B-D55B-6DDA2355B923" vid_target="C0FE8BF5-15E2-810F-6B2B-2E4E468CA776">
<hideElementsInCurrentOnly>false</hideElementsInCurrentOnly>
<backgroundColor>-65536</backgroundColor>
<lineWidth>1</lineWidth>
<points>
<point x="647" y="112"/>
<point x="647" y="243"/>
</points>
</Connector>
<Connector class="oracle.dbtools.crest.swingui.process.TVFlow" oid="A6669FDE-0665-3938-6AB2-FCC2FF9A6AB9" otype="Flow" vid_source="9A955472-A794-C608-A1D8-E3B08654A979" vid_target="E5AC114E-604C-235B-D55B-6DDA2355B923">
<hideElementsInCurrentOnly>false</hideElementsInCurrentOnly>
<backgroundColor>-65536</backgroundColor>
<lineWidth>1</lineWidth>
<points>
<point x="877" y="71"/>
<point x="669" y="71"/>
</points>
</Connector>
<Connector class="oracle.dbtools.crest.swingui.process.TVFlow" oid="B420419C-03B6-747E-3E2C-B20E984ED235" otype="Flow" vid_source="02EFAAEF-CAFE-2D4D-21E2-9852E0573A37" vid_target="9BF5526D-9E89-4938-A150-EE2E1788B76F">
<hideElementsInCurrentOnly>false</hideElementsInCurrentOnly>
<backgroundColor>-65536</backgroundColor>
<lineWidth>1</lineWidth>
<points>
<point x="1024" y="315"/>
<point x="1165" y="315"/>
</points>
</Connector>
<Connector class="oracle.dbtools.crest.swingui.process.TVFlow" oid="BA049DC8-E396-7287-DFC8-528C16480426" otype="Flow" vid_source="B9627AD4-AC43-13A7-24E5-0CB156FE00E5" vid_target="02EFAAEF-CAFE-2D4D-21E2-9852E0573A37">
<hideElementsInCurrentOnly>false</hideElementsInCurrentOnly>
<backgroundColor>-65536</backgroundColor>
<lineWidth>1</lineWidth>
<points>
<point x="973" y="397"/>
<point x="973" y="330"/>
</points>
</Connector>
<Connector class="oracle.dbtools.crest.swingui.process.TVFlow" oid="D73F6DF7-1751-12AA-2F13-B76781CE6F37" otype="Flow" vid_source="B9627AD4-AC43-13A7-24E5-0CB156FE00E5" vid_target="BD9B60D4-9BDD-E855-B4DE-C2094F77B2B6">
<hideElementsInCurrentOnly>false</hideElementsInCurrentOnly>
<backgroundColor>-65536</backgroundColor>
<lineWidth>1</lineWidth>
<points>
<point x="922" y="409"/>
<point x="305" y="409"/>
</points>
</Connector>
<Connector class="oracle.dbtools.crest.swingui.process.TVFlow" oid="DD63EA8D-F531-F193-ED9E-0A2138C95CD2" otype="Flow" vid_source="E5AC114E-604C-235B-D55B-6DDA2355B923" vid_target="161F2C82-166B-8DBF-0937-BEA7D41A47F6">
<hideElementsInCurrentOnly>false</hideElementsInCurrentOnly>
<backgroundColor>-65536</backgroundColor>
<lineWidth>1</lineWidth>
<points>
<point x="575" y="112"/>
<point x="575" y="446"/>
</points>
</Connector>
<Connector class="oracle.dbtools.crest.swingui.process.TVFlow" oid="E3CD807D-A356-8FC2-72D1-0EE91E0F05B1" otype="Flow" vid_source="B9627AD4-AC43-13A7-24E5-0CB156FE00E5" vid_target="BD9B60D4-9BDD-E855-B4DE-C2094F77B2B6">
<hideElementsInCurrentOnly>false</hideElementsInCurrentOnly>
<backgroundColor>-65536</backgroundColor>
<lineWidth>1</lineWidth>
<points>
<point x="922" y="409"/>
<point x="305" y="409"/>
</points>
</Connector>
<Connector class="oracle.dbtools.crest.swingui.process.TVFlow" oid="F57A0A40-CD0B-C00F-44FA-F2001DC55F0E" otype="Flow" vid_source="BD9B60D4-9BDD-E855-B4DE-C2094F77B2B6" vid_target="E5AC114E-604C-235B-D55B-6DDA2355B923">
<hideElementsInCurrentOnly>false</hideElementsInCurrentOnly>
<backgroundColor>-65536</backgroundColor>
<lineWidth>1</lineWidth>
<points>
<point x="305" y="292"/>
<point x="539" y="65"/>
</points>
</Connector>
</connectors>
</Diagram>