<?xml version = '1.0' encoding = 'UTF-8'?>
<FKIndexAssociation class="oracle.dbtools.crest.model.design.relational.FKIndexAssociation" directorySegmentName="seg_0" id="057C5AB5-D597-86A1-9655-122C206AF815" containerWithKeyObject="A91D2060-AB90-8E06-9748-1E0C6039F37A" localFKIndex="844DAD78-4E25-A608-B8E9-7FD5C0CEF5E7" name="TABLE_11_wholesalers_FK">
<createdBy>istva</createdBy>
<createdTime>2018-11-04 21:43:09 UTC</createdTime>
<ownerDesignName>benco2</ownerDesignName>
<referredTableLongName>wholesalers</referredTableLongName>
<deleteRule>NO ACTION</deleteRule>
<referredTableID>301EAF19-56EA-688A-DDEB-9B13E4FD1901</referredTableID>
<keyObject>9D1C3C2F-9994-15C8-226A-2088C0926D33</keyObject>
<referredKeyID>9D1C3C2F-9994-15C8-226A-2088C0926D33</referredKeyID>
<mandatory>true</mandatory>
<refColNames>id</refColNames>
<transferable>true</transferable>
<rely>false</rely>
<columnDependencyConstraintGenerateInDDL>true</columnDependencyConstraintGenerateInDDL>
</FKIndexAssociation>