<?xml version = '1.0' encoding = 'UTF-8'?>
<FKIndexAssociation class="oracle.dbtools.crest.model.design.relational.FKIndexAssociation" directorySegmentName="seg_0" id="1563808C-BCDD-F737-ECFA-41949115BD53" containerWithKeyObject="C87CB32F-F78A-A37E-D451-9C0EFF77A03D" localFKIndex="03F8BE6E-94DC-7796-5C2F-44269CB8A6D8" name="wholesale_orders_wholesale_order_products_FK">
<createdBy>istva</createdBy>
<createdTime>2018-10-13 19:02:59 UTC</createdTime>
<ownerDesignName>benco2</ownerDesignName>
<referredTableLongName>wholesalers</referredTableLongName>
<deleteRule>CASCADE</deleteRule>
<referredTableID>301EAF19-56EA-688A-DDEB-9B13E4FD1901</referredTableID>
<keyObject>9D1C3C2F-9994-15C8-226A-2088C0926D33</keyObject>
<referredKeyID>9D1C3C2F-9994-15C8-226A-2088C0926D33</referredKeyID>
<mandatory>true</mandatory>
<refColNames>id</refColNames>
<transferable>false</transferable>
<rely>false</rely>
<columnDependencyConstraintGenerateInDDL>true</columnDependencyConstraintGenerateInDDL>
</FKIndexAssociation>