<?xml version = '1.0' encoding = 'UTF-8'?>
<FKIndexAssociation class="oracle.dbtools.crest.model.design.relational.FKIndexAssociation" directorySegmentName="seg_0" id="2C6FA507-E0AF-029D-3EDC-8DE4EFE17792" containerWithKeyObject="A91D2060-AB90-8E06-9748-1E0C6039F37A" localFKIndex="4950D6EC-231A-9F1A-4E44-F9E76F4BB942" name="product_stock_products_FK">
<createdBy>istva</createdBy>
<createdTime>2018-11-04 21:44:13 UTC</createdTime>
<ownerDesignName>benco2</ownerDesignName>
<referredTableLongName>products</referredTableLongName>
<deleteRule>NO ACTION</deleteRule>
<referredTableID>5954A2EE-7BED-C62E-1491-54ED24B077D0</referredTableID>
<keyObject>4C0D543B-7901-390E-1417-CEF307723BCA</keyObject>
<referredKeyID>4C0D543B-7901-390E-1417-CEF307723BCA</referredKeyID>
<mandatory>true</mandatory>
<refColNames>id</refColNames>
<transferable>true</transferable>
<rely>false</rely>
<columnDependencyConstraintGenerateInDDL>true</columnDependencyConstraintGenerateInDDL>
</FKIndexAssociation>