<?xml version = '1.0' encoding = 'UTF-8'?>
<FKIndexAssociation class="oracle.dbtools.crest.model.design.relational.FKIndexAssociation" directorySegmentName="seg_0" id="33CCB868-43FB-586E-B812-B8643D2B1E1F" containerWithKeyObject="4064D2F5-20BC-EE01-1FDA-C73E907612C4" localFKIndex="E7F73C89-A234-0EE0-2ED5-0ACB8F8D6DC2" name="order_products_products_FK">
<createdBy>istva</createdBy>
<createdTime>2018-10-13 17:10:05 UTC</createdTime>
<ownerDesignName>benco2</ownerDesignName>
<referredTableLongName>products</referredTableLongName>
<deleteRule>NO ACTION</deleteRule>
<referredTableID>5954A2EE-7BED-C62E-1491-54ED24B077D0</referredTableID>
<keyObject>4C0D543B-7901-390E-1417-CEF307723BCA</keyObject>
<referredKeyID>4C0D543B-7901-390E-1417-CEF307723BCA</referredKeyID>
<mandatory>true</mandatory>
<refColNames>id</refColNames>
<transferable>true</transferable>
<rely>false</rely>
<columnDependencyConstraintGenerateInDDL>true</columnDependencyConstraintGenerateInDDL>
</FKIndexAssociation>