<?xml version = '1.0' encoding = 'UTF-8'?>
<FKIndexAssociation class="oracle.dbtools.crest.model.design.relational.FKIndexAssociation" directorySegmentName="seg_0" id="39406F84-AD3B-067D-C32D-C6883F58F8DB" containerWithKeyObject="6C1677A2-C729-D926-E3A6-5135ED64BC6B" localFKIndex="723E732B-FADF-BAC8-2431-F8266761DD8E" name="orders_customers_FK">
<createdBy>istva</createdBy>
<createdTime>2018-10-13 17:08:31 UTC</createdTime>
<ownerDesignName>benco2</ownerDesignName>
<referredTableLongName>customers</referredTableLongName>
<deleteRule>CASCADE</deleteRule>
<referredTableID>90CA56A1-E6F5-2146-7434-230825B6D959</referredTableID>
<keyObject>AD8E29DC-2376-AD14-8FDA-7703F7CA7999</keyObject>
<referredKeyID>AD8E29DC-2376-AD14-8FDA-7703F7CA7999</referredKeyID>
<mandatory>true</mandatory>
<refColNames>id</refColNames>
<transferable>false</transferable>
<rely>false</rely>
<columnDependencyConstraintGenerateInDDL>true</columnDependencyConstraintGenerateInDDL>
</FKIndexAssociation>