<?xml version = '1.0' encoding = 'UTF-8'?>
<FKIndexAssociation class="oracle.dbtools.crest.model.design.relational.FKIndexAssociation" directorySegmentName="seg_0" id="3AB58DCE-76A8-4D36-F3FB-C2FC9C97BE53" containerWithKeyObject="91C616DD-04A7-72E2-E31E-36E93D53C70E" localFKIndex="232A60D9-4FDE-ADFF-5852-EB08F88BEC3D" name="wholesale_order_products_wholesalers_FK">
<createdBy>istva</createdBy>
<createdTime>2018-10-13 19:09:34 UTC</createdTime>
<ownerDesignName>benco2</ownerDesignName>
<referredTableLongName>wholesalers</referredTableLongName>
<deleteRule>NO ACTION</deleteRule>
<referredTableID>301EAF19-56EA-688A-DDEB-9B13E4FD1901</referredTableID>
<keyObject>9D1C3C2F-9994-15C8-226A-2088C0926D33</keyObject>
<referredKeyID>9D1C3C2F-9994-15C8-226A-2088C0926D33</referredKeyID>
<mandatory>true</mandatory>
<refColNames>id</refColNames>
<transferable>true</transferable>
<rely>false</rely>
<columnDependencyConstraintGenerateInDDL>true</columnDependencyConstraintGenerateInDDL>
</FKIndexAssociation>