<?xml version = '1.0' encoding = 'UTF-8'?>
<FKIndexAssociation class="oracle.dbtools.crest.model.design.relational.FKIndexAssociation" directorySegmentName="seg_0" id="61D23CF0-CD75-FD9A-F04A-19A1685B1CE0" containerWithKeyObject="91C616DD-04A7-72E2-E31E-36E93D53C70E" localFKIndex="3BBEE3F3-D01F-34F2-D601-26F61863DEDD" name="wholesale_order_products_products_FK">
<createdBy>istva</createdBy>
<createdTime>2018-10-25 16:59:39 UTC</createdTime>
<ownerDesignName>benco2</ownerDesignName>
<referredTableLongName>products</referredTableLongName>
<deleteRule>NO ACTION</deleteRule>
<referredTableID>5954A2EE-7BED-C62E-1491-54ED24B077D0</referredTableID>
<keyObject>4C0D543B-7901-390E-1417-CEF307723BCA</keyObject>
<referredKeyID>4C0D543B-7901-390E-1417-CEF307723BCA</referredKeyID>
<mandatory>true</mandatory>
<refColNames>id</refColNames>
<transferable>true</transferable>
<rely>false</rely>
<columnDependencyConstraintGenerateInDDL>true</columnDependencyConstraintGenerateInDDL>
</FKIndexAssociation>