<?xml version = '1.0' encoding = 'UTF-8'?>
<FKIndexAssociation class="oracle.dbtools.crest.model.design.relational.FKIndexAssociation" directorySegmentName="seg_0" id="656CA97D-AE4C-A7DF-9A77-76762E265F0A" containerWithKeyObject="91C616DD-04A7-72E2-E31E-36E93D53C70E" localFKIndex="E804EB3D-A3AA-F666-9714-C3BBE18D1939" name="wholesale_order_products_wholesale_orders_FK">
<createdBy>istva</createdBy>
<createdTime>2018-10-18 16:48:07 UTC</createdTime>
<ownerDesignName>benco2</ownerDesignName>
<referredTableLongName>wholesale_orders</referredTableLongName>
<deleteRule>NO ACTION</deleteRule>
<referredTableID>C87CB32F-F78A-A37E-D451-9C0EFF77A03D</referredTableID>
<keyObject>B9CADBC9-F157-CA56-0E78-1432A0169B69</keyObject>
<referredKeyID>B9CADBC9-F157-CA56-0E78-1432A0169B69</referredKeyID>
<mandatory>true</mandatory>
<refColNames>id</refColNames>
<transferable>true</transferable>
<rely>false</rely>
<columnDependencyConstraintGenerateInDDL>true</columnDependencyConstraintGenerateInDDL>
</FKIndexAssociation>