<?xml version = '1.0' encoding = 'UTF-8'?>
<FKIndexAssociation class="oracle.dbtools.crest.model.design.relational.FKIndexAssociation" directorySegmentName="seg_0" id="805E639B-7728-A5A9-4F33-7145658EFF9E" containerWithKeyObject="5954A2EE-7BED-C62E-1491-54ED24B077D0" localFKIndex="7C6B60C5-A684-BA31-EF44-A207E6D57867" name="products_product_categories_FK">
<createdBy>istva</createdBy>
<createdTime>2018-10-13 20:50:07 UTC</createdTime>
<ownerDesignName>benco2</ownerDesignName>
<referredTableLongName>product_categories</referredTableLongName>
<deleteRule>NO ACTION</deleteRule>
<referredTableID>A84B45F5-0379-30FB-8A67-AA671B110E67</referredTableID>
<keyObject>EA8D53BF-3284-300A-E2FB-DEAF7342060F</keyObject>
<referredKeyID>EA8D53BF-3284-300A-E2FB-DEAF7342060F</referredKeyID>
<mandatory>false</mandatory>
<refColNames>id</refColNames>
<transferable>true</transferable>
<rely>false</rely>
<columnDependencyConstraintGenerateInDDL>true</columnDependencyConstraintGenerateInDDL>
</FKIndexAssociation>