<?xml version = '1.0' encoding = 'UTF-8'?>
<FKIndexAssociation class="oracle.dbtools.crest.model.design.relational.FKIndexAssociation" directorySegmentName="seg_0" id="B502DBD2-197B-A6FD-CD7F-F4E20A9FBF07" containerWithKeyObject="91C616DD-04A7-72E2-E31E-36E93D53C70E" localFKIndex="7351603B-291B-B3EB-B54F-EC1F89F2DD95" name="wholesale_order_products_orders_FK">
<createdBy>istva</createdBy>
<createdTime>2018-10-25 16:56:10 UTC</createdTime>
<ownerDesignName>benco2</ownerDesignName>
<referredTableLongName>orders</referredTableLongName>
<deleteRule>NO ACTION</deleteRule>
<referredTableID>6C1677A2-C729-D926-E3A6-5135ED64BC6B</referredTableID>
<keyObject>16A1F08D-A60A-822B-D1E6-F3DAF526F7C6</keyObject>
<referredKeyID>16A1F08D-A60A-822B-D1E6-F3DAF526F7C6</referredKeyID>
<mandatory>true</mandatory>
<refColNames>id</refColNames>
<transferable>true</transferable>
<rely>false</rely>
<columnDependencyConstraintGenerateInDDL>true</columnDependencyConstraintGenerateInDDL>
</FKIndexAssociation>