<?xml version = '1.0' encoding = 'UTF-8'?>
<FKIndexAssociation class="oracle.dbtools.crest.model.design.relational.FKIndexAssociation" directorySegmentName="seg_0" id="CF7B2CA1-AD46-1307-CECB-E5EB88960024" containerWithKeyObject="A341B30C-3EBF-D044-13F8-55605C7C1B90" localFKIndex="ABD73B48-E4DF-78FC-35CC-90EAA3FF5700" name="TABLE_12_customers_FK">
<createdBy>istva</createdBy>
<createdTime>2018-11-04 21:50:55 UTC</createdTime>
<ownerDesignName>benco2</ownerDesignName>
<referredTableLongName>customers</referredTableLongName>
<deleteRule>NO ACTION</deleteRule>
<referredTableID>90CA56A1-E6F5-2146-7434-230825B6D959</referredTableID>
<keyObject>AD8E29DC-2376-AD14-8FDA-7703F7CA7999</keyObject>
<referredKeyID>AD8E29DC-2376-AD14-8FDA-7703F7CA7999</referredKeyID>
<mandatory>true</mandatory>
<refColNames>id</refColNames>
<transferable>false</transferable>
<rely>false</rely>
<columnDependencyConstraintGenerateInDDL>true</columnDependencyConstraintGenerateInDDL>
</FKIndexAssociation>