<?xml version = '1.0' encoding = 'UTF-8'?>
<FKIndexAssociation class="oracle.dbtools.crest.model.design.relational.FKIndexAssociation" directorySegmentName="seg_0" id="F6A2B624-6A5D-56EA-5F04-F28FE1B146EE" containerWithKeyObject="4064D2F5-20BC-EE01-1FDA-C73E907612C4" localFKIndex="F09E371C-2B53-5EF1-FD66-CA7904902D5A" name="order_products_orders_FK">
<createdBy>istva</createdBy>
<createdTime>2018-10-13 17:07:43 UTC</createdTime>
<ownerDesignName>benco2</ownerDesignName>
<referredTableLongName>orders</referredTableLongName>
<deleteRule>NO ACTION</deleteRule>
<referredTableID>6C1677A2-C729-D926-E3A6-5135ED64BC6B</referredTableID>
<keyObject>16A1F08D-A60A-822B-D1E6-F3DAF526F7C6</keyObject>
<referredKeyID>16A1F08D-A60A-822B-D1E6-F3DAF526F7C6</referredKeyID>
<mandatory>true</mandatory>
<refColNames>id</refColNames>
<transferable>true</transferable>
<rely>false</rely>
<columnDependencyConstraintGenerateInDDL>true</columnDependencyConstraintGenerateInDDL>
</FKIndexAssociation>