<?xml version = '1.0' encoding = 'UTF-8'?>
<Flow class="oracle.dbtools.crest.model.design.process.Flow" name="Ütemterv módosítása" directorySegmentName="seg_0" id="0674BF5A-7550-11AA-05A2-0EC6902F05B0">
<createdBy>Horváth Dávid</createdBy>
<createdTime>2018-11-04 21:34:20 UTC</createdTime>
<ownerDesignName>cramhead_dfd</ownerDesignName>
<destination>2D12BF77-9284-6B96-94D0-3927C34A96EE</destination>
<logging>false</logging>
<opCreate>false</opCreate>
<opDelete>false</opDelete>
<opRead>false</opRead>
<opUpdate>false</opUpdate>
<sourceProcessObject>29B90CA8-69DC-8061-AF89-A1D2C6D3FED5</sourceProcessObject>
<targetProcessObject>2D12BF77-9284-6B96-94D0-3927C34A96EE</targetProcessObject>
</Flow>