<?xml version = '1.0' encoding = 'UTF-8'?>
<Flow class="oracle.dbtools.crest.model.design.process.Flow" name="Részvételi útmutató" directorySegmentName="seg_0" id="095239A3-09E6-1D9E-35BB-854227D7BA89">
<createdBy>Horváth Dávid</createdBy>
<createdTime>2018-11-04 21:43:35 UTC</createdTime>
<ownerDesignName>cramhead_dfd</ownerDesignName>
<destination>30193596-3366-B83B-6842-A3E522156F85</destination>
<logging>false</logging>
<opCreate>false</opCreate>
<opDelete>false</opDelete>
<opRead>false</opRead>
<opUpdate>false</opUpdate>
<sourceProcessObject>AD323614-A47B-854F-CC5F-10C6DB7E8BF5</sourceProcessObject>
<targetProcessObject>30193596-3366-B83B-6842-A3E522156F85</targetProcessObject>
</Flow>