<?xml version = '1.0' encoding = 'UTF-8'?>
<Flow class="oracle.dbtools.crest.model.design.process.Flow" name="Számla kiküldése" directorySegmentName="seg_0" id="115D3F0A-AE8C-BE6B-E249-5E0C2ACE2E4D">
<createdBy>Horváth Dávid</createdBy>
<createdTime>2018-11-04 21:39:48 UTC</createdTime>
<ownerDesignName>cramhead_dfd</ownerDesignName>
<destination>1EAFBD32-3438-AA02-2CF8-977D3D68A3FD</destination>
<logging>false</logging>
<opCreate>false</opCreate>
<opDelete>false</opDelete>
<opRead>false</opRead>
<opUpdate>false</opUpdate>
<sourceProcessObject>AD323614-A47B-854F-CC5F-10C6DB7E8BF5</sourceProcessObject>
<targetProcessObject>1EAFBD32-3438-AA02-2CF8-977D3D68A3FD</targetProcessObject>
</Flow>