<?xml version = '1.0' encoding = 'UTF-8'?>
<Flow class="oracle.dbtools.crest.model.design.process.Flow" name="Szabad hely" directorySegmentName="seg_0" id="392D2009-9E7F-E48F-F50A-485DACEE3B34">
<createdBy>Horváth Dávid</createdBy>
<createdTime>2018-11-04 21:37:19 UTC</createdTime>
<ownerDesignName>cramhead_dfd</ownerDesignName>
<destination>29B90CA8-69DC-8061-AF89-A1D2C6D3FED5</destination>
<logging>false</logging>
<opCreate>false</opCreate>
<opDelete>false</opDelete>
<opRead>true</opRead>
<opUpdate>false</opUpdate>
<sourceProcessObject>79AE8B6D-7925-3600-2DC5-E181DA55EC0F</sourceProcessObject>
<targetProcessObject>29B90CA8-69DC-8061-AF89-A1D2C6D3FED5</targetProcessObject>
</Flow>