<?xml version = '1.0' encoding = 'UTF-8'?>
<InfoStore class="oracle.dbtools.crest.model.design.process.InfoStore" name="Törölt és számlázott ügyfelek" directorySegmentName="seg_0" id="0A8DE66D-55B4-78E0-B52D-51DB1A64FAEE">
<createdBy>Horváth Dávid</createdBy>
<createdTime>2018-11-04 21:08:50 UTC</createdTime>
<ownerDesignName>cramhead_dfd_2</ownerDesignName>
<rdbmsSite>Oracle Database 11g</rdbmsSite>
<selfDescribing>false</selfDescribing>
<skipRecords>0</skipRecords>
<type>RDBMS</type>
</InfoStore>