<?xml version = '1.0' encoding = 'UTF-8'?>
<DataFlowDesign class="oracle.dbtools.crest.model.design.process.DataFlowDesign" name="Data Flow Diagram_1" id="B0AB8CB8-68B7-21BC-69F1-16DA33241A7A" mainViewID="37B0991F-8D3A-E71B-9E3B-8BAA5CEA9CD5" topLevel="true">
<createdBy>Horváth Dávid</createdBy>
<createdTime>2018-11-04 20:38:07 UTC</createdTime>
<ownerDesignName>cramhead_dfd_2</ownerDesignName>
<shouldBeOpen>true</shouldBeOpen>
<processOrderString>1994F567-0714-023F-8DAD-79DBB3207A79,6468C63A-7607-059F-5D7E-34C9B25E98B1,F259F419-5057-5749-D265-5988E3A3E30F,7E7317EE-4C90-AF40-A99F-B827F2F3DF47,353EF008-7B73-19CB-B7A3-0DA974FA7ED4,CC42B4C8-8CD4-0EAF-4849-345CA663911F,AA0D1FB0-0230-BC8B-8E05-8A064A385721,758A6069-95EC-FD39-39F3-FADC3CC6F900</processOrderString>
</DataFlowDesign>