<?xml version = '1.0' encoding = 'UTF-8'?>
<Flow class="oracle.dbtools.crest.model.design.process.Flow" name="Foglalási igény jelzése" directorySegmentName="seg_0" id="1DD10E4C-6430-E908-323D-C7BED55090E8">
<createdBy>Horváth Dávid</createdBy>
<createdTime>2018-11-04 20:47:22 UTC</createdTime>
<ownerDesignName>cramhead_dfd_2</ownerDesignName>
<destination>F259F419-5057-5749-D265-5988E3A3E30F</destination>
<logging>false</logging>
<opCreate>false</opCreate>
<opDelete>false</opDelete>
<opRead>false</opRead>
<opUpdate>false</opUpdate>
<sourceProcessObject>1994F567-0714-023F-8DAD-79DBB3207A79</sourceProcessObject>
<targetProcessObject>F259F419-5057-5749-D265-5988E3A3E30F</targetProcessObject>
</Flow>