<?xml version = '1.0' encoding = 'UTF-8'?>
<Flow class="oracle.dbtools.crest.model.design.process.Flow" name="Foglalási jegyzék" directorySegmentName="seg_0" id="2681676E-6701-C431-B868-B1EEB3BF5FDE">
<createdBy>Horváth Dávid</createdBy>
<createdTime>2018-11-04 20:50:45 UTC</createdTime>
<ownerDesignName>cramhead_dfd_2</ownerDesignName>
<destination>1994F567-0714-023F-8DAD-79DBB3207A79</destination>
<logging>false</logging>
<opCreate>false</opCreate>
<opDelete>false</opDelete>
<opRead>true</opRead>
<opUpdate>false</opUpdate>
<sourceProcessObject>7DF8549C-A1ED-E55A-CAF5-6F7D47B29B8A</sourceProcessObject>
<targetProcessObject>1994F567-0714-023F-8DAD-79DBB3207A79</targetProcessObject>
</Flow>