<?xml version = '1.0' encoding = 'UTF-8'?>
<Flow class="oracle.dbtools.crest.model.design.process.Flow" name="Ajánlat elutasítása" directorySegmentName="seg_0" id="27B4E093-85B4-F224-25E7-F57DC5970931">
<createdBy>Horváth Dávid</createdBy>
<createdTime>2018-11-04 21:02:33 UTC</createdTime>
<ownerDesignName>cramhead_dfd_2</ownerDesignName>
<destination>758A6069-95EC-FD39-39F3-FADC3CC6F900</destination>
<logging>false</logging>
<opCreate>false</opCreate>
<opDelete>false</opDelete>
<opRead>false</opRead>
<opUpdate>false</opUpdate>
<sourceProcessObject>40C8E317-8B77-1B59-A5CE-711EED9AE7B8</sourceProcessObject>
<targetProcessObject>758A6069-95EC-FD39-39F3-FADC3CC6F900</targetProcessObject>
</Flow>