<?xml version = '1.0' encoding = 'UTF-8'?>
<Flow class="oracle.dbtools.crest.model.design.process.Flow" name="Szabad helyek új száma" directorySegmentName="seg_0" id="48002A37-FB8C-206B-E777-D4571D0AB20A">
<createdBy>Horváth Dávid</createdBy>
<createdTime>2018-11-04 20:55:43 UTC</createdTime>
<ownerDesignName>cramhead_dfd_2</ownerDesignName>
<destination>4D9ADC46-F1FB-948C-07E5-250BBFA3E312</destination>
<logging>false</logging>
<opCreate>false</opCreate>
<opDelete>false</opDelete>
<opRead>false</opRead>
<opUpdate>false</opUpdate>
<sourceProcessObject>F259F419-5057-5749-D265-5988E3A3E30F</sourceProcessObject>
<targetProcessObject>4D9ADC46-F1FB-948C-07E5-250BBFA3E312</targetProcessObject>
</Flow>