<?xml version = '1.0' encoding = 'UTF-8'?>
<Flow class="oracle.dbtools.crest.model.design.process.Flow" name="Számla adatok" directorySegmentName="seg_0" id="5689D23A-4936-C13B-A4BA-7CD9123E0140">
<createdBy>Horváth Dávid</createdBy>
<createdTime>2018-11-04 21:14:27 UTC</createdTime>
<ownerDesignName>cramhead_dfd_2</ownerDesignName>
<destination>7E7317EE-4C90-AF40-A99F-B827F2F3DF47</destination>
<logging>false</logging>
<opCreate>false</opCreate>
<opDelete>false</opDelete>
<opRead>true</opRead>
<opUpdate>false</opUpdate>
<sourceProcessObject>7DF8549C-A1ED-E55A-CAF5-6F7D47B29B8A</sourceProcessObject>
<targetProcessObject>7E7317EE-4C90-AF40-A99F-B827F2F3DF47</targetProcessObject>
</Flow>