<?xml version = '1.0' encoding = 'UTF-8'?>
<Flow class="oracle.dbtools.crest.model.design.process.Flow" name="Hely felajánló levél" directorySegmentName="seg_0" id="6876B8F6-4293-A588-2AED-671DFD99B54C">
<createdBy>Horváth Dávid</createdBy>
<createdTime>2018-11-04 21:04:28 UTC</createdTime>
<ownerDesignName>cramhead_dfd_2</ownerDesignName>
<destination>40C8E317-8B77-1B59-A5CE-711EED9AE7B8</destination>
<logging>false</logging>
<opCreate>false</opCreate>
<opDelete>false</opDelete>
<opRead>false</opRead>
<opUpdate>false</opUpdate>
<sourceProcessObject>CC42B4C8-8CD4-0EAF-4849-345CA663911F</sourceProcessObject>
<targetProcessObject>40C8E317-8B77-1B59-A5CE-711EED9AE7B8</targetProcessObject>
</Flow>