<?xml version = '1.0' encoding = 'UTF-8'?>
<Flow class="oracle.dbtools.crest.model.design.process.Flow" name="Ajánlat" directorySegmentName="seg_0" id="6B418D3B-BB97-8880-2231-647FCCA88375">
<createdBy>Horváth Dávid</createdBy>
<createdTime>2018-11-04 21:06:54 UTC</createdTime>
<ownerDesignName>cramhead_dfd_2</ownerDesignName>
<destination>B944E736-3683-A12E-22A1-F91B3BF24E21</destination>
<logging>false</logging>
<opCreate>false</opCreate>
<opDelete>false</opDelete>
<opRead>false</opRead>
<opUpdate>false</opUpdate>
<sourceProcessObject>CC42B4C8-8CD4-0EAF-4849-345CA663911F</sourceProcessObject>
<targetProcessObject>B944E736-3683-A12E-22A1-F91B3BF24E21</targetProcessObject>
</Flow>