<?xml version = '1.0' encoding = 'UTF-8'?>
<Flow class="oracle.dbtools.crest.model.design.process.Flow" name="Elküldött ajánlat" directorySegmentName="seg_0" id="6D2A592E-6E8D-A4DF-23FC-535BBA86C049">
<createdBy>Horváth Dávid</createdBy>
<createdTime>2018-11-04 21:07:34 UTC</createdTime>
<ownerDesignName>cramhead_dfd_2</ownerDesignName>
<destination>AA0D1FB0-0230-BC8B-8E05-8A064A385721</destination>
<logging>false</logging>
<opCreate>false</opCreate>
<opDelete>false</opDelete>
<opRead>true</opRead>
<opUpdate>false</opUpdate>
<sourceProcessObject>B944E736-3683-A12E-22A1-F91B3BF24E21</sourceProcessObject>
<targetProcessObject>AA0D1FB0-0230-BC8B-8E05-8A064A385721</targetProcessObject>
</Flow>