<?xml version = '1.0' encoding = 'UTF-8'?>
<Flow class="oracle.dbtools.crest.model.design.process.Flow" name="Átvezetés" directorySegmentName="seg_0" id="834A6626-77BC-638D-6761-DC3B90E29509">
<createdBy>Horváth Dávid</createdBy>
<createdTime>2018-11-04 20:58:16 UTC</createdTime>
<ownerDesignName>cramhead_dfd_2</ownerDesignName>
<destination>4D9ADC46-F1FB-948C-07E5-250BBFA3E312</destination>
<logging>false</logging>
<opCreate>false</opCreate>
<opDelete>false</opDelete>
<opRead>false</opRead>
<opUpdate>false</opUpdate>
<sourceProcessObject>AA0D1FB0-0230-BC8B-8E05-8A064A385721</sourceProcessObject>
<targetProcessObject>4D9ADC46-F1FB-948C-07E5-250BBFA3E312</targetProcessObject>
</Flow>