<?xml version = '1.0' encoding = 'UTF-8'?>
<Flow class="oracle.dbtools.crest.model.design.process.Flow" name="Foglalási űrlapok" directorySegmentName="seg_0" id="F85F200B-DCDA-B483-1BB4-88C55ACC6A44">
<createdBy>Horváth Dávid</createdBy>
<createdTime>2018-11-04 20:50:14 UTC</createdTime>
<ownerDesignName>cramhead_dfd_2</ownerDesignName>
<destination>7DF8549C-A1ED-E55A-CAF5-6F7D47B29B8A</destination>
<logging>false</logging>
<opCreate>false</opCreate>
<opDelete>false</opDelete>
<opRead>false</opRead>
<opUpdate>false</opUpdate>
<sourceProcessObject>6468C63A-7607-059F-5D7E-34C9B25E98B1</sourceProcessObject>
<targetProcessObject>7DF8549C-A1ED-E55A-CAF5-6F7D47B29B8A</targetProcessObject>
</Flow>