<?xml version = '1.0' encoding = 'UTF-8'?>
<DataFlowDesign class="oracle.dbtools.crest.model.design.process.DataFlowDesign" name="Data Flow Diagram_1" id="B0AB8CB8-68B7-21BC-69F1-16DA33241A7A" mainViewID="37B0991F-8D3A-E71B-9E3B-8BAA5CEA9CD5" topLevel="true">
<createdBy>Horváth Dávid</createdBy>
<createdTime>2018-11-04 20:38:07 UTC</createdTime>
<ownerDesignName>cramhead_dfd</ownerDesignName>
<shouldBeOpen>true</shouldBeOpen>
<processOrderString>29B90CA8-69DC-8061-AF89-A1D2C6D3FED5,3E441BE3-7D2A-CE91-CD92-017A35475450,30193596-3366-B83B-6842-A3E522156F85,AD323614-A47B-854F-CC5F-10C6DB7E8BF5,6368A212-27F9-EE06-E637-F5C7B63B95A0</processOrderString>
</DataFlowDesign>