<?xml version = '1.0' encoding = 'UTF-8'?>
<Table class="oracle.dbtools.crest.model.design.relational.Table" directorySegmentName="seg_0" id="301EAF19-56EA-688A-DDEB-9B13E4FD1901" name="wholesalers">
<createdBy>istva</createdBy>
<createdTime>2018-10-13 17:14:28 UTC</createdTime>
<ownerDesignName>benco2</ownerDesignName>
<ordsAlias>table_5</ordsAlias>
<allowColumnReorder>false</allowColumnReorder>
<existDependencyGenerateInDDl>true</existDependencyGenerateInDDl>
<parsed>true</parsed>
<columns itemClass="oracle.dbtools.crest.model.design.relational.Column">
<Column name="id" id="1CDE50EC-1305-49F1-1A24-6FD9E36D2C70">
<createdBy>istva</createdBy>
<createdTime>2018-10-13 17:15:25 UTC</createdTime>
<ownerDesignName>benco2</ownerDesignName>
<useDomainConstraints>false</useDomainConstraints>
<use>1</use>
<logicalDatatype>LOGDT011</logicalDatatype>
<ownDataTypeParameters>,,</ownDataTypeParameters>
<autoIncrementColumn>true</autoIncrementColumn>
<autoIncrementCycle>false</autoIncrementCycle>
</Column>
<Column name="title" id="1C4FD2E6-C62D-2051-1DF4-5A32F6853DC8">
<createdBy>istva</createdBy>
<createdTime>2018-10-13 19:28:57 UTC</createdTime>
<ownerDesignName>benco2</ownerDesignName>
<nullsAllowed>true</nullsAllowed>
<useDomainConstraints>false</useDomainConstraints>
<use>1</use>
<logicalDatatype>LOGDT024</logicalDatatype>
<dataTypeSize>255</dataTypeSize>
<ownDataTypeParameters>255,,</ownDataTypeParameters>
<autoIncrementCycle>false</autoIncrementCycle>
</Column>
<Column name="address" id="C12B6A5B-979F-058D-2EDF-1D2A29C7FC81">
<createdBy>istva</createdBy>
<createdTime>2018-11-04 21:16:13 UTC</createdTime>
<ownerDesignName>benco2</ownerDesignName>
<nullsAllowed>true</nullsAllowed>
<useDomainConstraints>false</useDomainConstraints>
<use>1</use>
<logicalDatatype>LOGDT024</logicalDatatype>
<dataTypeSize>128</dataTypeSize>
<ownDataTypeParameters>128,,</ownDataTypeParameters>
<autoIncrementCycle>false</autoIncrementCycle>
</Column>
<Column name="phone_number" id="0EE9ACED-B494-9D78-7AFA-0E21F28EE2D8">
<createdBy>istva</createdBy>
<createdTime>2018-11-04 21:16:32 UTC</createdTime>
<ownerDesignName>benco2</ownerDesignName>
<nullsAllowed>true</nullsAllowed>
<useDomainConstraints>false</useDomainConstraints>
<use>1</use>
<logicalDatatype>LOGDT024</logicalDatatype>
<dataTypeSize>32</dataTypeSize>
<ownDataTypeParameters>32,,</ownDataTypeParameters>
<autoIncrementCycle>false</autoIncrementCycle>
</Column>
</columns>
<indexes itemClass="oracle.dbtools.crest.model.design.relational.Index">
<ind_PK_UK id="9D1C3C2F-9994-15C8-226A-2088C0926D33" name="wholesalers_PK">
<createdBy>istva</createdBy>
<createdTime>2018-10-13 17:15:25 UTC</createdTime>
<ownerDesignName>benco2</ownerDesignName>
<pk>true</pk>
<indexState>Primary Constraint</indexState>
<isSurrogateKey>false</isSurrogateKey>
<indexColumnUsage>
<colUsage columnID="1CDE50EC-1305-49F1-1A24-6FD9E36D2C70"/>
</indexColumnUsage>
</ind_PK_UK>
</indexes>
</Table>