<?xml version = '1.0' encoding = 'UTF-8'?>
<Table class="oracle.dbtools.crest.model.design.relational.Table" directorySegmentName="seg_0" id="4064D2F5-20BC-EE01-1FDA-C73E907612C4" name="order_products">
<createdBy>istva</createdBy>
<createdTime>2018-10-13 17:00:09 UTC</createdTime>
<ownerDesignName>benco2</ownerDesignName>
<ordsAlias>table_4</ordsAlias>
<allowColumnReorder>false</allowColumnReorder>
<existDependencyGenerateInDDl>true</existDependencyGenerateInDDl>
<parsed>true</parsed>
<columns itemClass="oracle.dbtools.crest.model.design.relational.Column">
<Column name="id" id="4055ECE9-EFE1-A06D-9E9A-9CA03DD6AB94">
<createdBy>istva</createdBy>
<createdTime>2018-10-13 17:01:21 UTC</createdTime>
<ownerDesignName>benco2</ownerDesignName>
<useDomainConstraints>false</useDomainConstraints>
<use>1</use>
<logicalDatatype>LOGDT011</logicalDatatype>
<ownDataTypeParameters>,,</ownDataTypeParameters>
<autoIncrementColumn>true</autoIncrementColumn>
<autoIncrementCycle>false</autoIncrementCycle>
</Column>
<Column name="order_id" id="8566B662-6A6B-ACD7-BC1B-5813506EF0E1">
<createdBy>istva</createdBy>
<createdTime>2018-10-13 17:01:21 UTC</createdTime>
<ownerDesignName>benco2</ownerDesignName>
<useDomainConstraints>false</useDomainConstraints>
<use>1</use>
<logicalDatatype>LOGDT011</logicalDatatype>
<ownDataTypeParameters>,,</ownDataTypeParameters>
<autoIncrementCycle>false</autoIncrementCycle>
<associations>
<colAssociation fkAssociation="F6A2B624-6A5D-56EA-5F04-F28FE1B146EE" referredColumn="A38B5D81-90C2-8E35-C5DF-D0D6077CD970"/>
</associations>
</Column>
<Column name="product_id" id="0D4A1CF8-5A2F-2A2C-87B3-3F7D56EE5354">
<createdBy>istva</createdBy>
<createdTime>2018-10-13 17:10:05 UTC</createdTime>
<ownerDesignName>benco2</ownerDesignName>
<useDomainConstraints>false</useDomainConstraints>
<use>1</use>
<logicalDatatype>LOGDT011</logicalDatatype>
<ownDataTypeParameters>,,</ownDataTypeParameters>
<autoIncrementCycle>false</autoIncrementCycle>
<associations>
<colAssociation fkAssociation="33CCB868-43FB-586E-B812-B8643D2B1E1F" referredColumn="036FE7CF-42BF-64C7-D745-6229AC1FEE36"/>
</associations>
</Column>
<Column name="quantity" id="45B4F642-6D7A-50E1-03D3-4ED5F8AD37DA">
<createdBy>istva</createdBy>
<createdTime>2018-10-13 21:02:33 UTC</createdTime>
<ownerDesignName>benco2</ownerDesignName>
<nullsAllowed>true</nullsAllowed>
<useDomainConstraints>false</useDomainConstraints>
<use>1</use>
<logicalDatatype>LOGDT011</logicalDatatype>
<ownDataTypeParameters>,,</ownDataTypeParameters>
<autoIncrementCycle>false</autoIncrementCycle>
</Column>
<Column name="price" id="D2014DC6-5687-7522-F63C-DEC79C35C734">
<createdBy>istva</createdBy>
<createdTime>2018-10-13 21:02:33 UTC</createdTime>
<ownerDesignName>benco2</ownerDesignName>
<nullsAllowed>true</nullsAllowed>
<useDomainConstraints>false</useDomainConstraints>
<use>1</use>
<logicalDatatype>LOGDT026</logicalDatatype>
<dataTypePrecision>13</dataTypePrecision>
<dataTypeScale>2</dataTypeScale>
<ownDataTypeParameters>,13,2</ownDataTypeParameters>
<autoIncrementCycle>false</autoIncrementCycle>
</Column>
</columns>
<indexes itemClass="oracle.dbtools.crest.model.design.relational.Index">
<ind_PK_UK id="D1A63620-9FC5-BA45-ED7D-CF243B239F35" name="order_products_PK">
<createdBy>istva</createdBy>
<createdTime>2018-10-13 17:01:21 UTC</createdTime>
<ownerDesignName>benco2</ownerDesignName>
<pk>true</pk>
<indexState>Primary Constraint</indexState>
<isSurrogateKey>false</isSurrogateKey>
<indexColumnUsage>
<colUsage columnID="4055ECE9-EFE1-A06D-9E9A-9CA03DD6AB94"/>
</indexColumnUsage>
</ind_PK_UK>
<ind_PK_UK id="F09E371C-2B53-5EF1-FD66-CA7904902D5A" name="order_products_orders_FK">
<createdBy>istva</createdBy>
<createdTime>2018-10-13 17:07:43 UTC</createdTime>
<ownerDesignName>benco2</ownerDesignName>
<indexState>Foreign Key</indexState>
<isSurrogateKey>false</isSurrogateKey>
<indexColumnUsage>
<colUsage columnID="8566B662-6A6B-ACD7-BC1B-5813506EF0E1"/>
</indexColumnUsage>
</ind_PK_UK>
<ind_PK_UK id="E7F73C89-A234-0EE0-2ED5-0ACB8F8D6DC2" name="order_products_products_FK">
<createdBy>istva</createdBy>
<createdTime>2018-10-13 17:10:05 UTC</createdTime>
<ownerDesignName>benco2</ownerDesignName>
<indexState>Foreign Key</indexState>
<isSurrogateKey>false</isSurrogateKey>
<indexColumnUsage>
<colUsage columnID="0D4A1CF8-5A2F-2A2C-87B3-3F7D56EE5354"/>
</indexColumnUsage>
</ind_PK_UK>
</indexes>
</Table>