<?xml version = '1.0' encoding = 'UTF-8'?>
<Table class="oracle.dbtools.crest.model.design.relational.Table" directorySegmentName="seg_0" id="5954A2EE-7BED-C62E-1491-54ED24B077D0" name="products">
<createdBy>istva</createdBy>
<createdTime>2018-10-13 16:55:06 UTC</createdTime>
<ownerDesignName>benco2</ownerDesignName>
<ordsAlias>table_1</ordsAlias>
<allowColumnReorder>false</allowColumnReorder>
<existDependencyGenerateInDDl>true</existDependencyGenerateInDDl>
<parsed>true</parsed>
<columns itemClass="oracle.dbtools.crest.model.design.relational.Column">
<Column name="id" id="036FE7CF-42BF-64C7-D745-6229AC1FEE36">
<createdBy>istva</createdBy>
<createdTime>2018-10-13 16:56:42 UTC</createdTime>
<ownerDesignName>benco2</ownerDesignName>
<useDomainConstraints>false</useDomainConstraints>
<use>1</use>
<logicalDatatype>LOGDT011</logicalDatatype>
<ownDataTypeParameters>,,</ownDataTypeParameters>
<autoIncrementColumn>true</autoIncrementColumn>
<autoIncrementCycle>false</autoIncrementCycle>
</Column>
<Column name="sku" id="BA170799-1298-6B75-DEAA-6F91DA073BA1">
<createdBy>istva</createdBy>
<createdTime>2018-10-13 16:56:42 UTC</createdTime>
<ownerDesignName>benco2</ownerDesignName>
<nullsAllowed>true</nullsAllowed>
<useDomainConstraints>false</useDomainConstraints>
<use>1</use>
<logicalDatatype>LOGDT024</logicalDatatype>
<dataTypeSize>32</dataTypeSize>
<ownDataTypeParameters>32,,</ownDataTypeParameters>
<autoIncrementCycle>false</autoIncrementCycle>
</Column>
<Column name="title" id="E05339F6-19AF-21CF-AFC3-E66E7F5790E1">
<createdBy>istva</createdBy>
<createdTime>2018-10-13 19:18:37 UTC</createdTime>
<ownerDesignName>benco2</ownerDesignName>
<nullsAllowed>true</nullsAllowed>
<useDomainConstraints>false</useDomainConstraints>
<use>1</use>
<logicalDatatype>LOGDT024</logicalDatatype>
<dataTypeSize>255</dataTypeSize>
<ownDataTypeParameters>255,,</ownDataTypeParameters>
<autoIncrementCycle>false</autoIncrementCycle>
</Column>
<Column name="description" id="61A288FD-E31F-72C5-8382-E00CC4CB74DF">
<createdBy>istva</createdBy>
<createdTime>2018-10-13 19:18:37 UTC</createdTime>
<ownerDesignName>benco2</ownerDesignName>
<nullsAllowed>true</nullsAllowed>
<useDomainConstraints>false</useDomainConstraints>
<use>1</use>
<logicalDatatype>LOGDT040</logicalDatatype>
<ownDataTypeParameters>,,</ownDataTypeParameters>
<autoIncrementCycle>false</autoIncrementCycle>
</Column>
<Column name="price" id="A7894D3B-0FA5-8B39-8A26-F752DE0AC38A">
<createdBy>istva</createdBy>
<createdTime>2018-10-13 20:08:48 UTC</createdTime>
<ownerDesignName>benco2</ownerDesignName>
<nullsAllowed>true</nullsAllowed>
<useDomainConstraints>false</useDomainConstraints>
<use>1</use>
<logicalDatatype>LOGDT026</logicalDatatype>
<dataTypePrecision>13</dataTypePrecision>
<dataTypeScale>2</dataTypeScale>
<ownDataTypeParameters>,13,2</ownDataTypeParameters>
<autoIncrementCycle>false</autoIncrementCycle>
</Column>
<Column name="price_a" id="81FCC282-918C-62B2-97DD-922C9E0E27D5">
<createdBy>istva</createdBy>
<createdTime>2018-10-25 16:52:14 UTC</createdTime>
<ownerDesignName>benco2</ownerDesignName>
<nullsAllowed>true</nullsAllowed>
<useDomainConstraints>false</useDomainConstraints>
<use>1</use>
<logicalDatatype>LOGDT026</logicalDatatype>
<dataTypePrecision>13</dataTypePrecision>
<dataTypeScale>2</dataTypeScale>
<ownDataTypeParameters>,13,2</ownDataTypeParameters>
<autoIncrementCycle>false</autoIncrementCycle>
</Column>
<Column name="price_b" id="667C1BAE-FEDE-6DCB-6652-2243385E4A95">
<createdBy>istva</createdBy>
<createdTime>2018-10-25 16:52:14 UTC</createdTime>
<ownerDesignName>benco2</ownerDesignName>
<nullsAllowed>true</nullsAllowed>
<useDomainConstraints>false</useDomainConstraints>
<use>1</use>
<logicalDatatype>LOGDT026</logicalDatatype>
<dataTypePrecision>13</dataTypePrecision>
<dataTypeScale>2</dataTypeScale>
<ownDataTypeParameters>,13,2</ownDataTypeParameters>
<autoIncrementCycle>false</autoIncrementCycle>
</Column>
<Column name="price_c" id="AA671AAF-A82B-4670-D81C-DFF827DB79CF">
<createdBy>istva</createdBy>
<createdTime>2018-10-25 16:52:14 UTC</createdTime>
<ownerDesignName>benco2</ownerDesignName>
<nullsAllowed>true</nullsAllowed>
<useDomainConstraints>false</useDomainConstraints>
<use>1</use>
<logicalDatatype>LOGDT026</logicalDatatype>
<dataTypePrecision>13</dataTypePrecision>
<dataTypeScale>2</dataTypeScale>
<ownDataTypeParameters>,13,2</ownDataTypeParameters>
<autoIncrementCycle>false</autoIncrementCycle>
</Column>
<Column name="price_d" id="9E0A4314-C490-5089-36E2-7B49B3A69035">
<createdBy>istva</createdBy>
<createdTime>2018-10-25 16:52:14 UTC</createdTime>
<ownerDesignName>benco2</ownerDesignName>
<nullsAllowed>true</nullsAllowed>
<useDomainConstraints>false</useDomainConstraints>
<use>1</use>
<logicalDatatype>LOGDT026</logicalDatatype>
<dataTypePrecision>13</dataTypePrecision>
<dataTypeScale>2</dataTypeScale>
<ownDataTypeParameters>,13,2</ownDataTypeParameters>
<autoIncrementCycle>false</autoIncrementCycle>
</Column>
<Column name="product_category_id" id="4F70C0D1-7051-E369-E604-958F24B9579A">
<createdBy>istva</createdBy>
<createdTime>2018-10-13 20:50:07 UTC</createdTime>
<ownerDesignName>benco2</ownerDesignName>
<nullsAllowed>true</nullsAllowed>
<useDomainConstraints>false</useDomainConstraints>
<use>1</use>
<logicalDatatype>LOGDT011</logicalDatatype>
<ownDataTypeParameters>,,</ownDataTypeParameters>
<autoIncrementCycle>false</autoIncrementCycle>
<associations>
<colAssociation fkAssociation="805E639B-7728-A5A9-4F33-7145658EFF9E" referredColumn="0FB074D4-1E4F-C43F-30CE-F9047DE56641"/>
</associations>
</Column>
<Column name="availability" id="10D52DA5-131A-57BD-92C7-E041A13008D5">
<createdBy>istva</createdBy>
<createdTime>2018-10-18 16:51:18 UTC</createdTime>
<ownerDesignName>benco2</ownerDesignName>
<nullsAllowed>true</nullsAllowed>
<useDomainConstraints>false</useDomainConstraints>
<use>1</use>
<logicalDatatype>LOGDT006</logicalDatatype>
<ownDataTypeParameters>,,</ownDataTypeParameters>
<autoIncrementCycle>false</autoIncrementCycle>
</Column>
<Column name="unit" id="96C0028C-B099-5253-4824-68E8B9106A5C">
<createdBy>istva</createdBy>
<createdTime>2018-11-04 21:27:40 UTC</createdTime>
<ownerDesignName>benco2</ownerDesignName>
<nullsAllowed>true</nullsAllowed>
<useDomainConstraints>false</useDomainConstraints>
<use>1</use>
<logicalDatatype>LOGDT024</logicalDatatype>
<dataTypeSize>32</dataTypeSize>
<ownDataTypeParameters>32,,</ownDataTypeParameters>
<autoIncrementCycle>false</autoIncrementCycle>
</Column>
<Column name="created_at" id="DA584C58-C6AB-7F9F-5EDC-93DC65C7D9B3">
<createdBy>istva</createdBy>
<createdTime>2018-10-13 19:18:37 UTC</createdTime>
<ownerDesignName>benco2</ownerDesignName>
<nullsAllowed>true</nullsAllowed>
<useDomainConstraints>false</useDomainConstraints>
<use>1</use>
<logicalDatatype>LOGDT008</logicalDatatype>
<ownDataTypeParameters>,,</ownDataTypeParameters>
<autoIncrementCycle>false</autoIncrementCycle>
</Column>
<Column name="updated_at" id="4F936ED5-E29F-C497-F625-0024F83BFBCE">
<createdBy>istva</createdBy>
<createdTime>2018-10-13 19:18:37 UTC</createdTime>
<ownerDesignName>benco2</ownerDesignName>
<nullsAllowed>true</nullsAllowed>
<useDomainConstraints>false</useDomainConstraints>
<use>1</use>
<logicalDatatype>LOGDT008</logicalDatatype>
<ownDataTypeParameters>,,</ownDataTypeParameters>
<autoIncrementCycle>false</autoIncrementCycle>
</Column>
</columns>
<indexes itemClass="oracle.dbtools.crest.model.design.relational.Index">
<ind_PK_UK id="4C0D543B-7901-390E-1417-CEF307723BCA" name="products_PK">
<createdBy>istva</createdBy>
<createdTime>2018-10-13 16:58:24 UTC</createdTime>
<ownerDesignName>benco2</ownerDesignName>
<pk>true</pk>
<indexState>Primary Constraint</indexState>
<isSurrogateKey>false</isSurrogateKey>
<indexColumnUsage>
<colUsage columnID="036FE7CF-42BF-64C7-D745-6229AC1FEE36"/>
</indexColumnUsage>
</ind_PK_UK>
<ind_PK_UK id="9B968A75-AE19-EF08-3152-F1668F23DD2B" name="products__UN">
<createdBy>istva</createdBy>
<createdTime>2018-10-18 17:06:08 UTC</createdTime>
<ownerDesignName>benco2</ownerDesignName>
<indexState>Unique Constraint</indexState>
<isSurrogateKey>false</isSurrogateKey>
<indexColumnUsage>
<colUsage columnID="BA170799-1298-6B75-DEAA-6F91DA073BA1"/>
</indexColumnUsage>
</ind_PK_UK>
<ind_PK_UK id="7C6B60C5-A684-BA31-EF44-A207E6D57867" name="products_product_categories_FK">
<createdBy>istva</createdBy>
<createdTime>2018-10-13 20:50:07 UTC</createdTime>
<ownerDesignName>benco2</ownerDesignName>
<indexState>Foreign Key</indexState>
<isSurrogateKey>false</isSurrogateKey>
<indexColumnUsage>
<colUsage columnID="4F70C0D1-7051-E369-E604-958F24B9579A"/>
</indexColumnUsage>
</ind_PK_UK>
</indexes>
</Table>