<?xml version = '1.0' encoding = 'UTF-8'?>
<Table class="oracle.dbtools.crest.model.design.relational.Table" directorySegmentName="seg_0" id="6C1677A2-C729-D926-E3A6-5135ED64BC6B" name="orders">
<createdBy>istva</createdBy>
<createdTime>2018-10-13 16:58:37 UTC</createdTime>
<ownerDesignName>benco2</ownerDesignName>
<ordsAlias>table_3</ordsAlias>
<allowColumnReorder>false</allowColumnReorder>
<existDependencyGenerateInDDl>true</existDependencyGenerateInDDl>
<parsed>true</parsed>
<columns itemClass="oracle.dbtools.crest.model.design.relational.Column">
<Column name="id" id="A38B5D81-90C2-8E35-C5DF-D0D6077CD970">
<createdBy>istva</createdBy>
<createdTime>2018-10-13 16:59:05 UTC</createdTime>
<ownerDesignName>benco2</ownerDesignName>
<useDomainConstraints>false</useDomainConstraints>
<use>1</use>
<logicalDatatype>LOGDT011</logicalDatatype>
<ownDataTypeParameters>,,</ownDataTypeParameters>
<autoIncrementColumn>true</autoIncrementColumn>
<autoIncrementCycle>false</autoIncrementCycle>
</Column>
<Column name="customer_id" id="53F5BD33-527A-AC3F-B077-40D74DAC8FA4">
<createdBy>istva</createdBy>
<createdTime>2018-10-13 17:08:31 UTC</createdTime>
<ownerDesignName>benco2</ownerDesignName>
<useDomainConstraints>false</useDomainConstraints>
<use>1</use>
<logicalDatatype>LOGDT011</logicalDatatype>
<ownDataTypeParameters>,,</ownDataTypeParameters>
<autoIncrementCycle>false</autoIncrementCycle>
<associations>
<colAssociation fkAssociation="39406F84-AD3B-067D-C32D-C6883F58F8DB" referredColumn="A53D602C-F1E4-7240-DE33-58AA438AA683"/>
</associations>
</Column>
<Column name="order_identifier" id="FA3AC1D3-1D34-A109-C2C6-6EA0FCA82C93">
<createdBy>istva</createdBy>
<createdTime>2018-10-13 21:00:37 UTC</createdTime>
<ownerDesignName>benco2</ownerDesignName>
<nullsAllowed>true</nullsAllowed>
<useDomainConstraints>false</useDomainConstraints>
<use>1</use>
<logicalDatatype>LOGDT024</logicalDatatype>
<dataTypeSize>64</dataTypeSize>
<ownDataTypeParameters>64,,</ownDataTypeParameters>
<autoIncrementCycle>false</autoIncrementCycle>
</Column>
<Column name="created_at" id="003DAF2C-6B78-8FF7-4E18-6F43635289D1">
<createdBy>istva</createdBy>
<createdTime>2018-10-13 21:00:37 UTC</createdTime>
<ownerDesignName>benco2</ownerDesignName>
<nullsAllowed>true</nullsAllowed>
<useDomainConstraints>false</useDomainConstraints>
<use>1</use>
<logicalDatatype>LOGDT008</logicalDatatype>
<ownDataTypeParameters>,,</ownDataTypeParameters>
<autoIncrementCycle>false</autoIncrementCycle>
</Column>
<Column name="invoice_issued_at" id="09D759F0-76D4-BED5-8C85-9FC768BB222B">
<createdBy>istva</createdBy>
<createdTime>2018-10-18 16:31:51 UTC</createdTime>
<ownerDesignName>benco2</ownerDesignName>
<nullsAllowed>true</nullsAllowed>
<useDomainConstraints>false</useDomainConstraints>
<use>1</use>
<logicalDatatype>LOGDT008</logicalDatatype>
<ownDataTypeParameters>,,</ownDataTypeParameters>
<autoIncrementCycle>false</autoIncrementCycle>
</Column>
<Column name="payed_at" id="3A5CFF3B-5AAE-CD12-06E7-0ECCE7F4A88F">
<createdBy>istva</createdBy>
<createdTime>2018-10-18 16:52:36 UTC</createdTime>
<ownerDesignName>benco2</ownerDesignName>
<nullsAllowed>true</nullsAllowed>
<useDomainConstraints>false</useDomainConstraints>
<use>1</use>
<logicalDatatype>LOGDT008</logicalDatatype>
<ownDataTypeParameters>,,</ownDataTypeParameters>
<autoIncrementCycle>false</autoIncrementCycle>
</Column>
<Column name="cancelled_at" id="D052063C-FDB9-1C2D-58D3-77F8C3E603C9">
<createdBy>istva</createdBy>
<createdTime>2018-10-18 16:52:36 UTC</createdTime>
<ownerDesignName>benco2</ownerDesignName>
<nullsAllowed>true</nullsAllowed>
<useDomainConstraints>false</useDomainConstraints>
<use>1</use>
<logicalDatatype>LOGDT008</logicalDatatype>
<ownDataTypeParameters>,,</ownDataTypeParameters>
<autoIncrementCycle>false</autoIncrementCycle>
</Column>
<Column name="shipped_at" id="16F6B946-18E1-1984-62F5-7C5C8FB4752A">
<createdBy>istva</createdBy>
<createdTime>2018-10-18 16:58:39 UTC</createdTime>
<ownerDesignName>benco2</ownerDesignName>
<nullsAllowed>true</nullsAllowed>
<useDomainConstraints>false</useDomainConstraints>
<use>1</use>
<logicalDatatype>LOGDT008</logicalDatatype>
<ownDataTypeParameters>,,</ownDataTypeParameters>
<autoIncrementCycle>false</autoIncrementCycle>
</Column>
</columns>
<indexes itemClass="oracle.dbtools.crest.model.design.relational.Index">
<ind_PK_UK id="16A1F08D-A60A-822B-D1E6-F3DAF526F7C6" name="orders_PK">
<createdBy>istva</createdBy>
<createdTime>2018-10-13 16:59:05 UTC</createdTime>
<ownerDesignName>benco2</ownerDesignName>
<pk>true</pk>
<indexState>Primary Constraint</indexState>
<isSurrogateKey>false</isSurrogateKey>
<indexColumnUsage>
<colUsage columnID="A38B5D81-90C2-8E35-C5DF-D0D6077CD970"/>
</indexColumnUsage>
</ind_PK_UK>
<ind_PK_UK id="ECD2B93E-A3ED-F1CB-FC6A-9D9204DDCC42" name="orders__UN">
<createdBy>istva</createdBy>
<createdTime>2018-10-18 17:08:06 UTC</createdTime>
<ownerDesignName>benco2</ownerDesignName>
<indexState>Unique Constraint</indexState>
<isSurrogateKey>false</isSurrogateKey>
<indexColumnUsage>
<colUsage columnID="FA3AC1D3-1D34-A109-C2C6-6EA0FCA82C93"/>
</indexColumnUsage>
</ind_PK_UK>
<ind_PK_UK id="723E732B-FADF-BAC8-2431-F8266761DD8E" name="orders_customers_FK">
<createdBy>istva</createdBy>
<createdTime>2018-10-13 17:08:31 UTC</createdTime>
<ownerDesignName>benco2</ownerDesignName>
<indexState>Foreign Key</indexState>
<isSurrogateKey>false</isSurrogateKey>
<indexColumnUsage>
<colUsage columnID="53F5BD33-527A-AC3F-B077-40D74DAC8FA4"/>
</indexColumnUsage>
</ind_PK_UK>
</indexes>
</Table>