<?xml version = '1.0' encoding = 'UTF-8'?>
<Table class="oracle.dbtools.crest.model.design.relational.Table" directorySegmentName="seg_0" id="91C616DD-04A7-72E2-E31E-36E93D53C70E" name="wholesale_order_products">
<createdBy>istva</createdBy>
<createdTime>2018-10-13 19:03:35 UTC</createdTime>
<ownerDesignName>benco2</ownerDesignName>
<ordsAlias>table_8</ordsAlias>
<allowColumnReorder>false</allowColumnReorder>
<existDependencyGenerateInDDl>true</existDependencyGenerateInDDl>
<parsed>true</parsed>
<columns itemClass="oracle.dbtools.crest.model.design.relational.Column">
<Column name="id" id="FDC0A5C0-2D0D-7753-0976-4EA88BFB23AB">
<createdBy>istva</createdBy>
<createdTime>2018-10-13 19:08:22 UTC</createdTime>
<ownerDesignName>benco2</ownerDesignName>
<useDomainConstraints>false</useDomainConstraints>
<use>1</use>
<logicalDatatype>LOGDT011</logicalDatatype>
<ownDataTypeParameters>,,</ownDataTypeParameters>
<autoIncrementColumn>true</autoIncrementColumn>
<autoIncrementCycle>false</autoIncrementCycle>
</Column>
<Column name="wholesaler_id" id="61ABC77B-8350-AA81-E075-354D2418484A">
<createdBy>istva</createdBy>
<createdTime>2018-10-13 19:09:34 UTC</createdTime>
<ownerDesignName>benco2</ownerDesignName>
<useDomainConstraints>false</useDomainConstraints>
<use>1</use>
<logicalDatatype>LOGDT011</logicalDatatype>
<ownDataTypeParameters>,,</ownDataTypeParameters>
<autoIncrementCycle>false</autoIncrementCycle>
<associations>
<colAssociation fkAssociation="3AB58DCE-76A8-4D36-F3FB-C2FC9C97BE53" referredColumn="1CDE50EC-1305-49F1-1A24-6FD9E36D2C70"/>
</associations>
</Column>
<Column name="product_id" id="7942A0F6-FD5C-302C-CE40-3D065DCB7321">
<createdBy>istva</createdBy>
<createdTime>2018-10-13 19:09:34 UTC</createdTime>
<ownerDesignName>benco2</ownerDesignName>
<useDomainConstraints>false</useDomainConstraints>
<use>1</use>
<logicalDatatype>LOGDT011</logicalDatatype>
<ownDataTypeParameters>,,</ownDataTypeParameters>
<autoIncrementCycle>false</autoIncrementCycle>
<associations>
<colAssociation fkAssociation="61D23CF0-CD75-FD9A-F04A-19A1685B1CE0" referredColumn="036FE7CF-42BF-64C7-D745-6229AC1FEE36"/>
</associations>
</Column>
<Column name="quantity" id="2E96BC17-F82A-1620-2098-CBF8A46C2B6A">
<createdBy>istva</createdBy>
<createdTime>2018-10-13 21:03:59 UTC</createdTime>
<ownerDesignName>benco2</ownerDesignName>
<nullsAllowed>true</nullsAllowed>
<useDomainConstraints>false</useDomainConstraints>
<use>1</use>
<logicalDatatype>LOGDT011</logicalDatatype>
<ownDataTypeParameters>,,</ownDataTypeParameters>
<autoIncrementCycle>false</autoIncrementCycle>
</Column>
<Column name="price" id="E5F585D8-A02F-7B80-F92D-FFBE531BC31C">
<createdBy>istva</createdBy>
<createdTime>2018-10-13 21:04:27 UTC</createdTime>
<ownerDesignName>benco2</ownerDesignName>
<nullsAllowed>true</nullsAllowed>
<useDomainConstraints>false</useDomainConstraints>
<use>1</use>
<logicalDatatype>LOGDT026</logicalDatatype>
<dataTypePrecision>13</dataTypePrecision>
<dataTypeScale>2</dataTypeScale>
<ownDataTypeParameters>,13,2</ownDataTypeParameters>
<autoIncrementCycle>false</autoIncrementCycle>
</Column>
<Column name="wholesaler_order_id" id="8B277ADF-30FE-3C15-44A9-829276455B07">
<createdBy>istva</createdBy>
<createdTime>2018-10-18 16:48:07 UTC</createdTime>
<ownerDesignName>benco2</ownerDesignName>
<useDomainConstraints>false</useDomainConstraints>
<use>1</use>
<logicalDatatype>LOGDT011</logicalDatatype>
<ownDataTypeParameters>,,</ownDataTypeParameters>
<autoIncrementCycle>false</autoIncrementCycle>
<associations>
<colAssociation fkAssociation="656CA97D-AE4C-A7DF-9A77-76762E265F0A" referredColumn="2611B628-2F1F-0A92-F807-76B476C648AE"/>
</associations>
</Column>
<Column name="order_id" id="FEECFECF-7C74-06B5-1F11-D438D963C2E5">
<createdBy>istva</createdBy>
<createdTime>2018-10-25 16:56:10 UTC</createdTime>
<ownerDesignName>benco2</ownerDesignName>
<useDomainConstraints>false</useDomainConstraints>
<use>1</use>
<logicalDatatype>LOGDT011</logicalDatatype>
<ownDataTypeParameters>,,</ownDataTypeParameters>
<autoIncrementCycle>false</autoIncrementCycle>
<associations>
<colAssociation fkAssociation="B502DBD2-197B-A6FD-CD7F-F4E20A9FBF07" referredColumn="A38B5D81-90C2-8E35-C5DF-D0D6077CD970"/>
</associations>
</Column>
</columns>
<indexes itemClass="oracle.dbtools.crest.model.design.relational.Index">
<ind_PK_UK id="9AFB40BB-FF22-8512-B41F-24B5AC6DEAD0" name="wholesale_order_products_PK">
<createdBy>istva</createdBy>
<createdTime>2018-10-13 19:08:22 UTC</createdTime>
<ownerDesignName>benco2</ownerDesignName>
<pk>true</pk>
<indexState>Primary Constraint</indexState>
<isSurrogateKey>false</isSurrogateKey>
<indexColumnUsage>
<colUsage columnID="FDC0A5C0-2D0D-7753-0976-4EA88BFB23AB"/>
</indexColumnUsage>
</ind_PK_UK>
<ind_PK_UK id="232A60D9-4FDE-ADFF-5852-EB08F88BEC3D" name="wholesale_order_products_wholesalers_FK">
<createdBy>istva</createdBy>
<createdTime>2018-10-13 19:09:34 UTC</createdTime>
<ownerDesignName>benco2</ownerDesignName>
<indexState>Foreign Key</indexState>
<isSurrogateKey>false</isSurrogateKey>
<indexColumnUsage>
<colUsage columnID="61ABC77B-8350-AA81-E075-354D2418484A"/>
</indexColumnUsage>
</ind_PK_UK>
<ind_PK_UK id="E804EB3D-A3AA-F666-9714-C3BBE18D1939" name="wholesale_order_products_wholesale_orders_FK">
<createdBy>istva</createdBy>
<createdTime>2018-10-18 16:48:07 UTC</createdTime>
<ownerDesignName>benco2</ownerDesignName>
<indexState>Foreign Key</indexState>
<isSurrogateKey>false</isSurrogateKey>
<indexColumnUsage>
<colUsage columnID="8B277ADF-30FE-3C15-44A9-829276455B07"/>
</indexColumnUsage>
</ind_PK_UK>
<ind_PK_UK id="7351603B-291B-B3EB-B54F-EC1F89F2DD95" name="wholesale_order_products_orders_FK">
<createdBy>istva</createdBy>
<createdTime>2018-10-25 16:56:10 UTC</createdTime>
<ownerDesignName>benco2</ownerDesignName>
<indexState>Foreign Key</indexState>
<isSurrogateKey>false</isSurrogateKey>
<indexColumnUsage>
<colUsage columnID="FEECFECF-7C74-06B5-1F11-D438D963C2E5"/>
</indexColumnUsage>
</ind_PK_UK>
<ind_PK_UK id="3BBEE3F3-D01F-34F2-D601-26F61863DEDD" name="wholesale_order_products_products_FK">
<createdBy>istva</createdBy>
<createdTime>2018-10-25 16:59:39 UTC</createdTime>
<ownerDesignName>benco2</ownerDesignName>
<indexState>Foreign Key</indexState>
<isSurrogateKey>false</isSurrogateKey>
<indexColumnUsage>
<colUsage columnID="7942A0F6-FD5C-302C-CE40-3D065DCB7321"/>
</indexColumnUsage>
</ind_PK_UK>
</indexes>
</Table>