<?xml version = '1.0' encoding = 'UTF-8'?>
<Table class="oracle.dbtools.crest.model.design.relational.Table" directorySegmentName="seg_0" id="A341B30C-3EBF-D044-13F8-55605C7C1B90" name="customer_transactions">
<createdBy>istva</createdBy>
<createdTime>2018-11-04 21:49:24 UTC</createdTime>
<ownerDesignName>benco2</ownerDesignName>
<ordsAlias>table_12</ordsAlias>
<allowColumnReorder>false</allowColumnReorder>
<existDependencyGenerateInDDl>true</existDependencyGenerateInDDl>
<parsed>true</parsed>
<columns itemClass="oracle.dbtools.crest.model.design.relational.Column">
<Column name="id" id="1795AAC9-68E8-DE62-4409-D42CC42A9973">
<createdBy>istva</createdBy>
<createdTime>2018-11-04 21:50:55 UTC</createdTime>
<ownerDesignName>benco2</ownerDesignName>
<nullsAllowed>true</nullsAllowed>
<useDomainConstraints>false</useDomainConstraints>
<use>1</use>
<logicalDatatype>LOGDT011</logicalDatatype>
<ownDataTypeParameters>,,</ownDataTypeParameters>
<autoIncrementColumn>true</autoIncrementColumn>
<autoIncrementCycle>false</autoIncrementCycle>
</Column>
<Column name="amount" id="DBF7E188-260A-FB43-8652-2B3DC17B0EA6">
<createdBy>istva</createdBy>
<createdTime>2018-11-04 21:50:55 UTC</createdTime>
<ownerDesignName>benco2</ownerDesignName>
<nullsAllowed>true</nullsAllowed>
<useDomainConstraints>false</useDomainConstraints>
<use>1</use>
<logicalDatatype>LOGDT026</logicalDatatype>
<dataTypePrecision>13</dataTypePrecision>
<dataTypeScale>2</dataTypeScale>
<ownDataTypeParameters>,13,2</ownDataTypeParameters>
<autoIncrementCycle>false</autoIncrementCycle>
</Column>
<Column name="customer_id" id="69F09775-2998-C158-4EA2-CCF5DA8A475B">
<createdBy>istva</createdBy>
<createdTime>2018-11-04 21:50:55 UTC</createdTime>
<ownerDesignName>benco2</ownerDesignName>
<useDomainConstraints>false</useDomainConstraints>
<use>1</use>
<logicalDatatype>LOGDT011</logicalDatatype>
<ownDataTypeParameters>,,</ownDataTypeParameters>
<autoIncrementCycle>false</autoIncrementCycle>
<associations>
<colAssociation fkAssociation="CF7B2CA1-AD46-1307-CECB-E5EB88960024" referredColumn="A53D602C-F1E4-7240-DE33-58AA438AA683"/>
</associations>
</Column>
<Column name="created_at" id="C137CF56-58CB-7A75-39D0-AED7388A151E">
<createdBy>istva</createdBy>
<createdTime>2018-11-04 21:50:55 UTC</createdTime>
<ownerDesignName>benco2</ownerDesignName>
<nullsAllowed>true</nullsAllowed>
<useDomainConstraints>false</useDomainConstraints>
<use>1</use>
<logicalDatatype>LOGDT008</logicalDatatype>
<ownDataTypeParameters>,,</ownDataTypeParameters>
<autoIncrementCycle>false</autoIncrementCycle>
</Column>
</columns>
<indexes itemClass="oracle.dbtools.crest.model.design.relational.Index">
<ind_PK_UK id="ABD73B48-E4DF-78FC-35CC-90EAA3FF5700" name="TABLE_12_customers_FK">
<createdBy>istva</createdBy>
<createdTime>2018-11-04 21:50:55 UTC</createdTime>
<ownerDesignName>benco2</ownerDesignName>
<indexState>Foreign Key</indexState>
<isSurrogateKey>false</isSurrogateKey>
<indexColumnUsage>
<colUsage columnID="69F09775-2998-C158-4EA2-CCF5DA8A475B"/>
</indexColumnUsage>
</ind_PK_UK>
</indexes>
</Table>