<?xml version = '1.0' encoding = 'UTF-8'?>
<Table class="oracle.dbtools.crest.model.design.relational.Table" directorySegmentName="seg_0" id="A84B45F5-0379-30FB-8A67-AA671B110E67" name="product_categories">
<createdBy>istva</createdBy>
<createdTime>2018-10-13 20:36:42 UTC</createdTime>
<ownerDesignName>benco2</ownerDesignName>
<ordsAlias>table_28</ordsAlias>
<allowColumnReorder>false</allowColumnReorder>
<existDependencyGenerateInDDl>true</existDependencyGenerateInDDl>
<parsed>true</parsed>
<columns itemClass="oracle.dbtools.crest.model.design.relational.Column">
<Column name="id" id="0FB074D4-1E4F-C43F-30CE-F9047DE56641">
<createdBy>istva</createdBy>
<createdTime>2018-10-13 20:37:46 UTC</createdTime>
<ownerDesignName>benco2</ownerDesignName>
<useDomainConstraints>false</useDomainConstraints>
<use>1</use>
<logicalDatatype>LOGDT011</logicalDatatype>
<ownDataTypeParameters>,,</ownDataTypeParameters>
<autoIncrementColumn>true</autoIncrementColumn>
<autoIncrementCycle>false</autoIncrementCycle>
</Column>
<Column name="title" id="67BB8CBE-1F88-5871-F8DC-90C1545B64DF">
<createdBy>istva</createdBy>
<createdTime>2018-10-13 20:37:46 UTC</createdTime>
<ownerDesignName>benco2</ownerDesignName>
<nullsAllowed>true</nullsAllowed>
<useDomainConstraints>false</useDomainConstraints>
<use>1</use>
<logicalDatatype>LOGDT024</logicalDatatype>
<dataTypeSize>255</dataTypeSize>
<ownDataTypeParameters>255,,</ownDataTypeParameters>
<autoIncrementCycle>false</autoIncrementCycle>
</Column>
<Column name="sku" id="CC3D28AD-72F8-44D8-3CE5-F34163D35010">
<createdBy>istva</createdBy>
<createdTime>2018-10-13 20:40:08 UTC</createdTime>
<ownerDesignName>benco2</ownerDesignName>
<nullsAllowed>true</nullsAllowed>
<useDomainConstraints>false</useDomainConstraints>
<use>1</use>
<logicalDatatype>LOGDT024</logicalDatatype>
<dataTypeSize>32</dataTypeSize>
<ownDataTypeParameters>32,,</ownDataTypeParameters>
<autoIncrementCycle>false</autoIncrementCycle>
</Column>
</columns>
<indexes itemClass="oracle.dbtools.crest.model.design.relational.Index">
<ind_PK_UK id="EA8D53BF-3284-300A-E2FB-DEAF7342060F" name="product_categories_PK">
<createdBy>istva</createdBy>
<createdTime>2018-10-13 20:37:46 UTC</createdTime>
<ownerDesignName>benco2</ownerDesignName>
<pk>true</pk>
<indexState>Primary Constraint</indexState>
<isSurrogateKey>false</isSurrogateKey>
<indexColumnUsage>
<colUsage columnID="0FB074D4-1E4F-C43F-30CE-F9047DE56641"/>
</indexColumnUsage>
</ind_PK_UK>
<ind_PK_UK id="7AE9DC54-0C64-618C-23B2-D80FEE1091FA" name="product_categories__UN">
<createdBy>istva</createdBy>
<createdTime>2018-10-18 17:06:27 UTC</createdTime>
<ownerDesignName>benco2</ownerDesignName>
<indexState>Unique Constraint</indexState>
<isSurrogateKey>false</isSurrogateKey>
<indexColumnUsage>
<colUsage columnID="CC3D28AD-72F8-44D8-3CE5-F34163D35010"/>
<colUsage columnID="67BB8CBE-1F88-5871-F8DC-90C1545B64DF"/>
</indexColumnUsage>
</ind_PK_UK>
</indexes>
</Table>