<?xml version = '1.0' encoding = 'UTF-8'?>
<Table class="oracle.dbtools.crest.model.design.relational.Table" directorySegmentName="seg_0" id="A91D2060-AB90-8E06-9748-1E0C6039F37A" name="product_stock">
<createdBy>istva</createdBy>
<createdTime>2018-11-04 21:41:01 UTC</createdTime>
<ownerDesignName>benco2</ownerDesignName>
<ordsAlias>table_11</ordsAlias>
<allowColumnReorder>false</allowColumnReorder>
<existDependencyGenerateInDDl>true</existDependencyGenerateInDDl>
<parsed>true</parsed>
<columns itemClass="oracle.dbtools.crest.model.design.relational.Column">
<Column name="id" id="DC6F91B7-67CE-E1C5-5472-A9D1A5B0E770">
<createdBy>istva</createdBy>
<createdTime>2018-11-04 21:43:09 UTC</createdTime>
<ownerDesignName>benco2</ownerDesignName>
<useDomainConstraints>false</useDomainConstraints>
<use>1</use>
<logicalDatatype>LOGDT011</logicalDatatype>
<ownDataTypeParameters>,,</ownDataTypeParameters>
<autoIncrementColumn>true</autoIncrementColumn>
<autoIncrementCycle>false</autoIncrementCycle>
</Column>
<Column name="wholesaler_id" id="FBB84B67-A315-C8E4-731D-E35D751D5BE1">
<createdBy>istva</createdBy>
<createdTime>2018-11-04 21:43:09 UTC</createdTime>
<ownerDesignName>benco2</ownerDesignName>
<useDomainConstraints>false</useDomainConstraints>
<use>1</use>
<logicalDatatype>LOGDT011</logicalDatatype>
<ownDataTypeParameters>,,</ownDataTypeParameters>
<autoIncrementCycle>false</autoIncrementCycle>
<associations>
<colAssociation fkAssociation="057C5AB5-D597-86A1-9655-122C206AF815" referredColumn="1CDE50EC-1305-49F1-1A24-6FD9E36D2C70"/>
</associations>
</Column>
<Column name="product_id" id="86E6F2E4-8B9B-433F-2392-0AA2A2253D6C">
<createdBy>istva</createdBy>
<createdTime>2018-11-04 21:44:13 UTC</createdTime>
<ownerDesignName>benco2</ownerDesignName>
<useDomainConstraints>false</useDomainConstraints>
<use>1</use>
<logicalDatatype>LOGDT011</logicalDatatype>
<ownDataTypeParameters>,,</ownDataTypeParameters>
<autoIncrementCycle>false</autoIncrementCycle>
<associations>
<colAssociation fkAssociation="2C6FA507-E0AF-029D-3EDC-8DE4EFE17792" referredColumn="036FE7CF-42BF-64C7-D745-6229AC1FEE36"/>
</associations>
</Column>
<Column name="quantity" id="AE7038DD-DFE3-312B-FB7F-25F889E341C3">
<createdBy>istva</createdBy>
<createdTime>2018-11-04 21:44:39 UTC</createdTime>
<ownerDesignName>benco2</ownerDesignName>
<nullsAllowed>true</nullsAllowed>
<useDomainConstraints>false</useDomainConstraints>
<use>1</use>
<logicalDatatype>LOGDT020</logicalDatatype>
<dataTypePrecision>13</dataTypePrecision>
<dataTypeScale>2</dataTypeScale>
<ownDataTypeParameters>,13,2</ownDataTypeParameters>
<autoIncrementCycle>false</autoIncrementCycle>
</Column>
</columns>
<indexes itemClass="oracle.dbtools.crest.model.design.relational.Index">
<ind_PK_UK id="673D8FA5-B8B7-3041-81DF-B7B532DEA49A" name="product_stock_PK">
<createdBy>istva</createdBy>
<createdTime>2018-11-04 21:43:09 UTC</createdTime>
<ownerDesignName>benco2</ownerDesignName>
<pk>true</pk>
<indexState>Primary Constraint</indexState>
<isSurrogateKey>false</isSurrogateKey>
<indexColumnUsage>
<colUsage columnID="DC6F91B7-67CE-E1C5-5472-A9D1A5B0E770"/>
</indexColumnUsage>
</ind_PK_UK>
<ind_PK_UK id="844DAD78-4E25-A608-B8E9-7FD5C0CEF5E7" name="TABLE_11_wholesalers_FK">
<createdBy>istva</createdBy>
<createdTime>2018-11-04 21:43:09 UTC</createdTime>
<ownerDesignName>benco2</ownerDesignName>
<indexState>Foreign Key</indexState>
<isSurrogateKey>false</isSurrogateKey>
<indexColumnUsage>
<colUsage columnID="FBB84B67-A315-C8E4-731D-E35D751D5BE1"/>
</indexColumnUsage>
</ind_PK_UK>
<ind_PK_UK id="4950D6EC-231A-9F1A-4E44-F9E76F4BB942" name="product_stock_products_FK">
<createdBy>istva</createdBy>
<createdTime>2018-11-04 21:44:13 UTC</createdTime>
<ownerDesignName>benco2</ownerDesignName>
<indexState>Foreign Key</indexState>
<isSurrogateKey>false</isSurrogateKey>
<indexColumnUsage>
<colUsage columnID="86E6F2E4-8B9B-433F-2392-0AA2A2253D6C"/>
</indexColumnUsage>
</ind_PK_UK>
</indexes>
</Table>