<?xml version = '1.0' encoding = 'UTF-8'?>
<Table class="oracle.dbtools.crest.model.design.relational.Table" directorySegmentName="seg_0" id="C87CB32F-F78A-A37E-D451-9C0EFF77A03D" name="wholesale_orders">
<createdBy>istva</createdBy>
<createdTime>2018-10-13 19:00:46 UTC</createdTime>
<ownerDesignName>benco2</ownerDesignName>
<ordsAlias>table_7</ordsAlias>
<allowColumnReorder>false</allowColumnReorder>
<existDependencyGenerateInDDl>true</existDependencyGenerateInDDl>
<parsed>true</parsed>
<columns itemClass="oracle.dbtools.crest.model.design.relational.Column">
<Column name="id" id="2611B628-2F1F-0A92-F807-76B476C648AE">
<createdBy>istva</createdBy>
<createdTime>2018-10-13 19:01:41 UTC</createdTime>
<ownerDesignName>benco2</ownerDesignName>
<useDomainConstraints>false</useDomainConstraints>
<use>1</use>
<logicalDatatype>LOGDT011</logicalDatatype>
<ownDataTypeParameters>,,</ownDataTypeParameters>
<autoIncrementColumn>true</autoIncrementColumn>
<autoIncrementCycle>false</autoIncrementCycle>
</Column>
<Column name="wholesaler_id" id="37E08E9E-5314-AEF8-7A77-B0E17C5BC604">
<createdBy>istva</createdBy>
<createdTime>2018-10-13 19:02:59 UTC</createdTime>
<ownerDesignName>benco2</ownerDesignName>
<useDomainConstraints>false</useDomainConstraints>
<use>1</use>
<logicalDatatype>LOGDT011</logicalDatatype>
<ownDataTypeParameters>,,</ownDataTypeParameters>
<autoIncrementCycle>false</autoIncrementCycle>
<associations>
<colAssociation fkAssociation="1563808C-BCDD-F737-ECFA-41949115BD53" referredColumn="1CDE50EC-1305-49F1-1A24-6FD9E36D2C70"/>
</associations>
</Column>
<Column name="order_identifier" id="A0D9FE3B-0BF4-66C3-B1AB-54B1B6116947">
<createdBy>istva</createdBy>
<createdTime>2018-10-13 21:03:22 UTC</createdTime>
<ownerDesignName>benco2</ownerDesignName>
<nullsAllowed>true</nullsAllowed>
<useDomainConstraints>false</useDomainConstraints>
<use>1</use>
<logicalDatatype>LOGDT024</logicalDatatype>
<dataTypeSize>64</dataTypeSize>
<ownDataTypeParameters>64,,</ownDataTypeParameters>
<autoIncrementCycle>false</autoIncrementCycle>
</Column>
<Column name="created_at" id="CB4690CA-EB1D-F76F-DFD2-B5E1DDFA6EC5">
<createdBy>istva</createdBy>
<createdTime>2018-10-13 21:03:22 UTC</createdTime>
<ownerDesignName>benco2</ownerDesignName>
<nullsAllowed>true</nullsAllowed>
<useDomainConstraints>false</useDomainConstraints>
<use>1</use>
<logicalDatatype>LOGDT008</logicalDatatype>
<ownDataTypeParameters>,,</ownDataTypeParameters>
<autoIncrementCycle>false</autoIncrementCycle>
</Column>
<Column name="invoice_issued_at" id="6AB48D52-12C9-A924-820E-0E47468757C3">
<createdBy>istva</createdBy>
<createdTime>2018-10-18 16:39:17 UTC</createdTime>
<ownerDesignName>benco2</ownerDesignName>
<nullsAllowed>true</nullsAllowed>
<useDomainConstraints>false</useDomainConstraints>
<use>1</use>
<logicalDatatype>LOGDT008</logicalDatatype>
<ownDataTypeParameters>,,</ownDataTypeParameters>
<autoIncrementCycle>false</autoIncrementCycle>
</Column>
<Column name="payed_at" id="80F0405E-E4DF-0812-F471-FF58E90F66AE">
<createdBy>istva</createdBy>
<createdTime>2018-10-18 16:49:26 UTC</createdTime>
<ownerDesignName>benco2</ownerDesignName>
<nullsAllowed>true</nullsAllowed>
<useDomainConstraints>false</useDomainConstraints>
<use>1</use>
<logicalDatatype>LOGDT008</logicalDatatype>
<ownDataTypeParameters>,,</ownDataTypeParameters>
<autoIncrementCycle>false</autoIncrementCycle>
</Column>
<Column name="cancelled_at" id="745F6F37-E74E-DAEF-AC09-FD567EB3DFCD">
<createdBy>istva</createdBy>
<createdTime>2018-10-18 16:49:26 UTC</createdTime>
<ownerDesignName>benco2</ownerDesignName>
<nullsAllowed>true</nullsAllowed>
<useDomainConstraints>false</useDomainConstraints>
<use>1</use>
<logicalDatatype>LOGDT008</logicalDatatype>
<ownDataTypeParameters>,,</ownDataTypeParameters>
<autoIncrementCycle>false</autoIncrementCycle>
</Column>
<Column name="scheduled_for" id="E117645A-6BD4-E94E-6521-38AFDC900405">
<createdBy>istva</createdBy>
<createdTime>2018-10-18 16:56:56 UTC</createdTime>
<comment>Mikorra szeretném időzíteni a rendelést</comment>
<ownerDesignName>benco2</ownerDesignName>
<nullsAllowed>true</nullsAllowed>
<useDomainConstraints>false</useDomainConstraints>
<use>1</use>
<logicalDatatype>LOGDT007</logicalDatatype>
<ownDataTypeParameters>,,</ownDataTypeParameters>
<autoIncrementCycle>false</autoIncrementCycle>
</Column>
<Column name="arrived_at" id="D8C838A0-F147-EB85-B5DF-5775DEB6522B">
<createdBy>istva</createdBy>
<createdTime>2018-10-18 16:56:56 UTC</createdTime>
<comment>Mikor érkezett be a rendelés, arra is lehet használni, hogy egy rendelés beérkezett-e már</comment>
<ownerDesignName>benco2</ownerDesignName>
<nullsAllowed>true</nullsAllowed>
<useDomainConstraints>false</useDomainConstraints>
<use>1</use>
<logicalDatatype>LOGDT008</logicalDatatype>
<ownDataTypeParameters>,,</ownDataTypeParameters>
<autoIncrementCycle>false</autoIncrementCycle>
</Column>
</columns>
<indexes itemClass="oracle.dbtools.crest.model.design.relational.Index">
<ind_PK_UK id="B9CADBC9-F157-CA56-0E78-1432A0169B69" name="wholesale_orders_PK">
<createdBy>istva</createdBy>
<createdTime>2018-10-13 19:01:41 UTC</createdTime>
<ownerDesignName>benco2</ownerDesignName>
<pk>true</pk>
<indexState>Primary Constraint</indexState>
<isSurrogateKey>false</isSurrogateKey>
<indexColumnUsage>
<colUsage columnID="2611B628-2F1F-0A92-F807-76B476C648AE"/>
</indexColumnUsage>
</ind_PK_UK>
<ind_PK_UK id="7E40BA38-98E7-98A6-67C7-EABD9485D4C7" name="wholesale_orders__UN">
<createdBy>istva</createdBy>
<createdTime>2018-10-18 17:06:48 UTC</createdTime>
<ownerDesignName>benco2</ownerDesignName>
<indexState>Unique Constraint</indexState>
<isSurrogateKey>false</isSurrogateKey>
<indexColumnUsage>
<colUsage columnID="A0D9FE3B-0BF4-66C3-B1AB-54B1B6116947"/>
</indexColumnUsage>
</ind_PK_UK>
<ind_PK_UK id="03F8BE6E-94DC-7796-5C2F-44269CB8A6D8" name="wholesale_orders_wholesale_order_products_FK">
<createdBy>istva</createdBy>
<createdTime>2018-10-13 19:02:59 UTC</createdTime>
<ownerDesignName>benco2</ownerDesignName>
<indexState>Foreign Key</indexState>
<isSurrogateKey>false</isSurrogateKey>
<indexColumnUsage>
<colUsage columnID="37E08E9E-5314-AEF8-7A77-B0E17C5BC604"/>
</indexColumnUsage>
</ind_PK_UK>
</indexes>
</Table>