<?xml version = '1.0' encoding = 'UTF-8'?>
<Diagram class="oracle.dbtools.crest.swingui.process.DPVProcess" name="Data Flow Diagram_1" id="37B0991F-8D3A-E71B-9E3B-8BAA5CEA9CD5">
<createdBy>Horváth Dávid</createdBy>
<modifiedBy>Horváth Dávid</modifiedBy>
<createdTime>2018-11-04 20:38:07 UTC</createdTime>
<autoRoute>false</autoRoute>
<boxInbox>true</boxInbox>
<showLegend>false</showLegend>
<showLabels>false</showLabels>
<showRelAttributes>false</showRelAttributes>
<gridEnabled>false</gridEnabled>
<showGrid>false</showGrid>
<diagramColor>-1</diagramColor>
<display>false</display>
<notation>1</notation>
<objectViews>
<OView class="oracle.dbtools.crest.swingui.process.TVInfoStore" oid="0A8DE66D-55B4-78E0-B52D-51DB1A64FAEE" otype="InfoStore" vid="B0895089-3146-C474-4ECC-6FA038343777">
<hideElementsInCurrentOnly>false</hideElementsInCurrentOnly>
<bounds x="598" y="780" width="211" height="30"/>
</OView>
<OView class="oracle.dbtools.crest.swingui.process.TVInfoStore" oid="0B33DD13-3A1A-C1F0-5E9C-A2BF889808F4" otype="InfoStore" vid="6EC800B0-1CE1-2D2E-5ADB-9BD92E4548D7">
<hideElementsInCurrentOnly>false</hideElementsInCurrentOnly>
<bounds x="270" y="280" width="140" height="30"/>
</OView>
<OView class="oracle.dbtools.crest.swingui.process.TVProcess" oid="1994F567-0714-023F-8DAD-79DBB3207A79" otype="Process" vid="7494E80E-E0DE-6DFC-A2B9-1469E95CB1D3">
<hideElementsInCurrentOnly>false</hideElementsInCurrentOnly>
<bounds x="443" y="132" width="132" height="91"/>
</OView>
<OView class="oracle.dbtools.crest.swingui.process.TVProcess" oid="353EF008-7B73-19CB-B7A3-0DA974FA7ED4" otype="Process" vid="93A9D8D8-7279-5A37-6160-AB534D7F8822">
<hideElementsInCurrentOnly>false</hideElementsInCurrentOnly>
<bounds x="287" y="764" width="157" height="90"/>
</OView>
<OView class="oracle.dbtools.crest.swingui.process.TVAgent" oid="40C8E317-8B77-1B59-A5CE-711EED9AE7B8" otype="ExtAgent" vid="9CF3AD57-B3B3-FA9D-A129-F12ED1A54247">
<hideElementsInCurrentOnly>false</hideElementsInCurrentOnly>
<bounds x="88" y="271" width="98" height="111"/>
</OView>
<OView class="oracle.dbtools.crest.swingui.process.TVInfoStore" oid="4D9ADC46-F1FB-948C-07E5-250BBFA3E312" otype="InfoStore" vid="9677287E-603B-872F-E9BB-E227C5CE26A4">
<hideElementsInCurrentOnly>false</hideElementsInCurrentOnly>
<bounds x="831" y="299" width="194" height="84"/>
</OView>
<OView class="oracle.dbtools.crest.swingui.process.TVProcess" oid="6468C63A-7607-059F-5D7E-34C9B25E98B1" otype="Process" vid="743069B5-F58B-B8FF-6E00-E329E996EAD8">
<hideElementsInCurrentOnly>false</hideElementsInCurrentOnly>
<bounds x="318" y="345" width="130" height="90"/>
</OView>
<OView class="oracle.dbtools.crest.swingui.process.TVProcess" oid="758A6069-95EC-FD39-39F3-FADC3CC6F900" otype="Process" vid="2D266924-4B6C-B5C8-B7B5-F1B4821AFC9D">
<hideElementsInCurrentOnly>false</hideElementsInCurrentOnly>
<bounds x="281" y="606" width="173" height="90"/>
</OView>
<OView class="oracle.dbtools.crest.swingui.process.TVInfoStore" oid="7DF8549C-A1ED-E55A-CAF5-6F7D47B29B8A" otype="InfoStore" vid="4238F5B9-A4BB-9E50-9F59-02B79CC22C2B">
<hideElementsInCurrentOnly>false</hideElementsInCurrentOnly>
<bounds x="463" y="474" width="180" height="66"/>
</OView>
<OView class="oracle.dbtools.crest.swingui.process.TVProcess" oid="7E7317EE-4C90-AF40-A99F-B827F2F3DF47" otype="Process" vid="D8E6E697-0C88-3398-2F6C-3CCC7833AE00">
<hideElementsInCurrentOnly>false</hideElementsInCurrentOnly>
<bounds x="940" y="527" width="130" height="90"/>
</OView>
<OView class="oracle.dbtools.crest.swingui.process.TVProcess" oid="AA0D1FB0-0230-BC8B-8E05-8A064A385721" otype="Process" vid="A2BCB100-1DE5-A04B-0BC4-C4395CCAC98B">
<hideElementsInCurrentOnly>false</hideElementsInCurrentOnly>
<bounds x="795" y="110" width="130" height="90"/>
</OView>
<OView class="oracle.dbtools.crest.swingui.process.TVInfoStore" oid="B944E736-3683-A12E-22A1-F91B3BF24E21" otype="InfoStore" vid="A9ED6410-CB49-ED8E-96BA-8EA443CB07D8">
<hideElementsInCurrentOnly>false</hideElementsInCurrentOnly>
<bounds x="985" y="664" width="140" height="30"/>
</OView>
<OView class="oracle.dbtools.crest.swingui.process.TVProcess" oid="CC42B4C8-8CD4-0EAF-4849-345CA663911F" otype="Process" vid="B56CF5A1-5531-CD6B-C1E5-EA55F21EB334">
<hideElementsInCurrentOnly>false</hideElementsInCurrentOnly>
<bounds x="727" y="473" width="158" height="90"/>
</OView>
<OView class="oracle.dbtools.crest.swingui.process.TVProcess" oid="F259F419-5057-5749-D265-5988E3A3E30F" otype="Process" vid="6A72384B-039B-18AD-B396-62B6FC6C2DDC">
<hideElementsInCurrentOnly>false</hideElementsInCurrentOnly>
<bounds x="614" y="298" width="130" height="90"/>
</OView>
</objectViews>
<connectors>
<Connector class="oracle.dbtools.crest.swingui.process.TVFlow" oid="1DD10E4C-6430-E908-323D-C7BED55090E8" otype="Flow" vid_source="7494E80E-E0DE-6DFC-A2B9-1469E95CB1D3" vid_target="6A72384B-039B-18AD-B396-62B6FC6C2DDC">
<hideElementsInCurrentOnly>false</hideElementsInCurrentOnly>
<backgroundColor>-65536</backgroundColor>
<lineWidth>1</lineWidth>
<points>
<point x="555" y="223"/>
<point x="632" y="298"/>
</points>
</Connector>
<Connector class="oracle.dbtools.crest.swingui.process.TVFlow" oid="1FB76913-1CA1-A1DE-1D79-F58C98822D97" otype="Flow" vid_source="4238F5B9-A4BB-9E50-9F59-02B79CC22C2B" vid_target="B56CF5A1-5531-CD6B-C1E5-EA55F21EB334">
<hideElementsInCurrentOnly>false</hideElementsInCurrentOnly>
<backgroundColor>-65536</backgroundColor>
<lineWidth>1</lineWidth>
<points>
<point x="643" y="507"/>
<point x="727" y="507"/>
</points>
</Connector>
<Connector class="oracle.dbtools.crest.swingui.process.TVFlow" oid="2681676E-6701-C431-B868-B1EEB3BF5FDE" otype="Flow" vid_source="4238F5B9-A4BB-9E50-9F59-02B79CC22C2B" vid_target="7494E80E-E0DE-6DFC-A2B9-1469E95CB1D3">
<hideElementsInCurrentOnly>false</hideElementsInCurrentOnly>
<backgroundColor>-65536</backgroundColor>
<lineWidth>1</lineWidth>
<points>
<point x="519" y="474"/>
<point x="519" y="223"/>
</points>
</Connector>
<Connector class="oracle.dbtools.crest.swingui.process.TVFlow" oid="27B4E093-85B4-F224-25E7-F57DC5970931" otype="Flow" vid_source="9CF3AD57-B3B3-FA9D-A129-F12ED1A54247" vid_target="2D266924-4B6C-B5C8-B7B5-F1B4821AFC9D">
<hideElementsInCurrentOnly>false</hideElementsInCurrentOnly>
<backgroundColor>-65536</backgroundColor>
<lineWidth>1</lineWidth>
<points>
<point x="121" y="382"/>
<point x="121" y="656"/>
<point x="281" y="656"/>
</points>
</Connector>
<Connector class="oracle.dbtools.crest.swingui.process.TVFlow" oid="32E85EA5-8DF9-A818-B1DE-D521C9D85406" otype="Flow" vid_source="7494E80E-E0DE-6DFC-A2B9-1469E95CB1D3" vid_target="743069B5-F58B-B8FF-6E00-E329E996EAD8">
<hideElementsInCurrentOnly>false</hideElementsInCurrentOnly>
<backgroundColor>-65536</backgroundColor>
<lineWidth>1</lineWidth>
<points>
<point x="445" y="223"/>
<point x="409" y="345"/>
</points>
</Connector>
<Connector class="oracle.dbtools.crest.swingui.process.TVFlow" oid="448D1999-8EBC-3082-06D2-2C9CCEF9408B" otype="Flow" vid_source="4238F5B9-A4BB-9E50-9F59-02B79CC22C2B" vid_target="D8E6E697-0C88-3398-2F6C-3CCC7833AE00">
<hideElementsInCurrentOnly>false</hideElementsInCurrentOnly>
<backgroundColor>-65536</backgroundColor>
<lineWidth>1</lineWidth>
<points>
<point x="590" y="540"/>
<point x="590" y="587"/>
<point x="940" y="587"/>
</points>
</Connector>
<Connector class="oracle.dbtools.crest.swingui.process.TVFlow" oid="48002A37-FB8C-206B-E777-D4571D0AB20A" otype="Flow" vid_source="6A72384B-039B-18AD-B396-62B6FC6C2DDC" vid_target="9677287E-603B-872F-E9BB-E227C5CE26A4">
<hideElementsInCurrentOnly>false</hideElementsInCurrentOnly>
<backgroundColor>-65536</backgroundColor>
<lineWidth>1</lineWidth>
<points>
<point x="744" y="341"/>
<point x="831" y="341"/>
</points>
</Connector>
<Connector class="oracle.dbtools.crest.swingui.process.TVFlow" oid="513FFFEA-0982-3123-2EDE-FA5ACC416A58" otype="Flow" vid_source="D8E6E697-0C88-3398-2F6C-3CCC7833AE00" vid_target="B0895089-3146-C474-4ECC-6FA038343777">
<hideElementsInCurrentOnly>false</hideElementsInCurrentOnly>
<backgroundColor>-65536</backgroundColor>
<lineWidth>1</lineWidth>
<points>
<point x="944" y="617"/>
<point x="723" y="780"/>
</points>
</Connector>
<Connector class="oracle.dbtools.crest.swingui.process.TVFlow" oid="5689D23A-4936-C13B-A4BA-7CD9123E0140" otype="Flow" vid_source="4238F5B9-A4BB-9E50-9F59-02B79CC22C2B" vid_target="D8E6E697-0C88-3398-2F6C-3CCC7833AE00">
<hideElementsInCurrentOnly>false</hideElementsInCurrentOnly>
<backgroundColor>-65536</backgroundColor>
<lineWidth>1</lineWidth>
<points>
<point x="609" y="540"/>
<point x="609" y="577"/>
<point x="940" y="577"/>
</points>
</Connector>
<Connector class="oracle.dbtools.crest.swingui.process.TVFlow" oid="5A1EA990-2E3F-83AC-94BE-F008EA4FDC7F" otype="Flow" vid_source="4238F5B9-A4BB-9E50-9F59-02B79CC22C2B" vid_target="A2BCB100-1DE5-A04B-0BC4-C4395CCAC98B">
<hideElementsInCurrentOnly>false</hideElementsInCurrentOnly>
<backgroundColor>-65536</backgroundColor>
<lineWidth>1</lineWidth>
<points>
<point x="581" y="474"/>
<point x="820" y="200"/>
</points>
</Connector>
<Connector class="oracle.dbtools.crest.swingui.process.TVFlow" oid="6876B8F6-4293-A588-2AED-671DFD99B54C" otype="Flow" vid_source="B56CF5A1-5531-CD6B-C1E5-EA55F21EB334" vid_target="9CF3AD57-B3B3-FA9D-A129-F12ED1A54247">
<hideElementsInCurrentOnly>false</hideElementsInCurrentOnly>
<backgroundColor>-65536</backgroundColor>
<lineWidth>1</lineWidth>
<points>
<point x="727" y="562"/>
<point x="162" y="562"/>
<point x="162" y="382"/>
</points>
</Connector>
<Connector class="oracle.dbtools.crest.swingui.process.TVFlow" oid="6B418D3B-BB97-8880-2231-647FCCA88375" otype="Flow" vid_source="B56CF5A1-5531-CD6B-C1E5-EA55F21EB334" vid_target="A9ED6410-CB49-ED8E-96BA-8EA443CB07D8">
<hideElementsInCurrentOnly>false</hideElementsInCurrentOnly>
<backgroundColor>-65536</backgroundColor>
<lineWidth>1</lineWidth>
<points>
<point x="829" y="563"/>
<point x="829" y="670"/>
<point x="985" y="670"/>
</points>
</Connector>
<Connector class="oracle.dbtools.crest.swingui.process.TVFlow" oid="6D2A592E-6E8D-A4DF-23FC-535BBA86C049" otype="Flow" vid_source="A9ED6410-CB49-ED8E-96BA-8EA443CB07D8" vid_target="A2BCB100-1DE5-A04B-0BC4-C4395CCAC98B">
<hideElementsInCurrentOnly>false</hideElementsInCurrentOnly>
<backgroundColor>-65536</backgroundColor>
<lineWidth>1</lineWidth>
<points>
<point x="1081" y="664"/>
<point x="1081" y="176"/>
<point x="925" y="176"/>
</points>
</Connector>
<Connector class="oracle.dbtools.crest.swingui.process.TVFlow" oid="70A56E85-C612-46C1-3CB9-9C1B6698BF47" otype="Flow" vid_source="B0895089-3146-C474-4ECC-6FA038343777" vid_target="93A9D8D8-7279-5A37-6160-AB534D7F8822">
<hideElementsInCurrentOnly>false</hideElementsInCurrentOnly>
<backgroundColor>-65536</backgroundColor>
<lineWidth>1</lineWidth>
<points>
<point x="598" y="795"/>
<point x="444" y="795"/>
</points>
</Connector>
<Connector class="oracle.dbtools.crest.swingui.process.TVFlow" oid="79CDA9F3-C9FF-5A4E-54A6-599FC9591F66" otype="Flow" vid_source="9CF3AD57-B3B3-FA9D-A129-F12ED1A54247" vid_target="D8E6E697-0C88-3398-2F6C-3CCC7833AE00">
<hideElementsInCurrentOnly>false</hideElementsInCurrentOnly>
<backgroundColor>-65536</backgroundColor>
<lineWidth>1</lineWidth>
<points>
<point x="143" y="382"/>
<point x="143" y="598"/>
<point x="940" y="598"/>
</points>
</Connector>
<Connector class="oracle.dbtools.crest.swingui.process.TVFlow" oid="7AD19ECA-09D8-21B2-5B2A-EF6549F3A48A" otype="Flow" vid_source="9CF3AD57-B3B3-FA9D-A129-F12ED1A54247" vid_target="A2BCB100-1DE5-A04B-0BC4-C4395CCAC98B">
<hideElementsInCurrentOnly>false</hideElementsInCurrentOnly>
<backgroundColor>-65536</backgroundColor>
<lineWidth>1</lineWidth>
<points>
<point x="116" y="271"/>
<point x="116" y="67"/>
<point x="872" y="68"/>
<point x="872" y="110"/>
</points>
</Connector>
<Connector class="oracle.dbtools.crest.swingui.process.TVFlow" oid="834A6626-77BC-638D-6761-DC3B90E29509" otype="Flow" vid_source="A2BCB100-1DE5-A04B-0BC4-C4395CCAC98B" vid_target="9677287E-603B-872F-E9BB-E227C5CE26A4">
<hideElementsInCurrentOnly>false</hideElementsInCurrentOnly>
<backgroundColor>-65536</backgroundColor>
<lineWidth>1</lineWidth>
<points>
<point x="878" y="200"/>
<point x="878" y="299"/>
</points>
</Connector>
<Connector class="oracle.dbtools.crest.swingui.process.TVFlow" oid="8A404B99-8E74-37A7-F009-AF7DC4E21E38" otype="Flow" vid_source="9CF3AD57-B3B3-FA9D-A129-F12ED1A54247" vid_target="7494E80E-E0DE-6DFC-A2B9-1469E95CB1D3">
<hideElementsInCurrentOnly>false</hideElementsInCurrentOnly>
<backgroundColor>-65536</backgroundColor>
<lineWidth>1</lineWidth>
<points>
<point x="151" y="271"/>
<point x="151" y="153"/>
<point x="443" y="153"/>
</points>
</Connector>
<Connector class="oracle.dbtools.crest.swingui.process.TVFlow" oid="AA8993DD-9C6F-FA75-A01E-03ADDBBEBE00" otype="Flow" vid_source="93A9D8D8-7279-5A37-6160-AB534D7F8822" vid_target="9CF3AD57-B3B3-FA9D-A129-F12ED1A54247">
<hideElementsInCurrentOnly>false</hideElementsInCurrentOnly>
<backgroundColor>-65536</backgroundColor>
<lineWidth>1</lineWidth>
<points>
<point x="287" y="834"/>
<point x="96" y="834"/>
<point x="96" y="382"/>
</points>
</Connector>
<Connector class="oracle.dbtools.crest.swingui.process.TVFlow" oid="BB164B25-7B59-82C1-21E2-9E375042FB75" otype="Flow" vid_source="6A72384B-039B-18AD-B396-62B6FC6C2DDC" vid_target="743069B5-F58B-B8FF-6E00-E329E996EAD8">
<hideElementsInCurrentOnly>false</hideElementsInCurrentOnly>
<backgroundColor>-65536</backgroundColor>
<lineWidth>1</lineWidth>
<points>
<point x="614" y="366"/>
<point x="448" y="366"/>
</points>
</Connector>
<Connector class="oracle.dbtools.crest.swingui.process.TVFlow" oid="C4FE4B51-DFFA-2B82-0EFE-559D16C891D4" otype="Flow" vid_source="7494E80E-E0DE-6DFC-A2B9-1469E95CB1D3" vid_target="6EC800B0-1CE1-2D2E-5ADB-9BD92E4548D7">
<hideElementsInCurrentOnly>false</hideElementsInCurrentOnly>
<backgroundColor>-65536</backgroundColor>
<lineWidth>1</lineWidth>
<points>
<point x="443" y="187"/>
<point x="361" y="280"/>
</points>
</Connector>
<Connector class="oracle.dbtools.crest.swingui.process.TVFlow" oid="D60BCCE2-C134-016F-5CFA-8C995D88991D" otype="Flow" vid_source="D8E6E697-0C88-3398-2F6C-3CCC7833AE00" vid_target="9677287E-603B-872F-E9BB-E227C5CE26A4">
<hideElementsInCurrentOnly>false</hideElementsInCurrentOnly>
<backgroundColor>-65536</backgroundColor>
<lineWidth>1</lineWidth>
<points>
<point x="997" y="527"/>
<point x="997" y="383"/>
</points>
</Connector>
<Connector class="oracle.dbtools.crest.swingui.process.TVFlow" oid="D84E7990-F903-1A44-EEE8-AAC3D3F0ACBE" otype="Flow" vid_source="9677287E-603B-872F-E9BB-E227C5CE26A4" vid_target="B56CF5A1-5531-CD6B-C1E5-EA55F21EB334">
<hideElementsInCurrentOnly>false</hideElementsInCurrentOnly>
<backgroundColor>-65536</backgroundColor>
<lineWidth>1</lineWidth>
<points>
<point x="873" y="383"/>
<point x="873" y="473"/>
</points>
</Connector>
<Connector class="oracle.dbtools.crest.swingui.process.TVFlow" oid="DC4D95F9-89D1-6FC3-601A-35F4369C4A09" otype="Flow" vid_source="2D266924-4B6C-B5C8-B7B5-F1B4821AFC9D" vid_target="A9ED6410-CB49-ED8E-96BA-8EA443CB07D8">
<hideElementsInCurrentOnly>false</hideElementsInCurrentOnly>
<backgroundColor>-65536</backgroundColor>
<lineWidth>1</lineWidth>
<points>
<point x="454" y="679"/>
<point x="985" y="679"/>
</points>
</Connector>
<Connector class="oracle.dbtools.crest.swingui.process.TVFlow" oid="F85F200B-DCDA-B483-1BB4-88C55ACC6A44" otype="Flow" vid_source="743069B5-F58B-B8FF-6E00-E329E996EAD8" vid_target="4238F5B9-A4BB-9E50-9F59-02B79CC22C2B">
<hideElementsInCurrentOnly>false</hideElementsInCurrentOnly>
<backgroundColor>-65536</backgroundColor>
<lineWidth>1</lineWidth>
<points>
<point x="380" y="435"/>
<point x="380" y="511"/>
<point x="463" y="511"/>
</points>
</Connector>
</connectors>
</Diagram>