<?xml version = '1.0' encoding = 'UTF-8'?>
<relationalModel class="oracle.dbtools.crest.model.design.relational.RelationalDesign" name="Relational_1" id="D66C1D51-4685-427B-8A08-190141ECEDF6" mainViewID="EE1863BA-0CE5-A362-54F2-6CB502C2812C">
<createdBy>Horváth Dávid</createdBy>
<createdTime>2018-11-04 20:38:17 UTC</createdTime>
<ownerDesignName>cramhead_dfd_2</ownerDesignName>
<shouldBeOpen>false</shouldBeOpen>
<selectedRDBMSSite>32076570-2523-435C-2E92-BF29817DFF70</selectedRDBMSSite>
</relationalModel>