<?xml version = '1.0' encoding = 'UTF-8'?>
<Process class="oracle.dbtools.crest.model.design.process.Process" name="Jóváírás készítése" directorySegmentName="seg_0" id="353EF008-7B73-19CB-B7A3-0DA974FA7ED4">
<createdBy>Horváth Dávid</createdBy>
<createdTime>2018-11-04 20:39:18 UTC</createdTime>
<ownerDesignName>cramhead_dfd_2</ownerDesignName>
<primary>false</primary>
<batchMinimumTransactions>1000</batchMinimumTransactions>
<batchTimeUnit>Second</batchTimeUnit>
<frequencyTimeUnit>Day</frequencyTimeUnit>
<frequencyTimes>0</frequencyTimes>
<interactiveLongestResponseTime>5</interactiveLongestResponseTime>
<interactiveResponseTimeUnit>Second</interactiveResponseTimeUnit>
<mode>Unknown</mode>
<priority>Low</priority>
<peakPeriodsString>000000000000000000000000</peakPeriodsString>
</Process>