<?xml version = '1.0' encoding = 'UTF-8'?>
<Process class="oracle.dbtools.crest.model.design.process.Process" name="Ajánlat elutasítása" directorySegmentName="seg_0" id="758A6069-95EC-FD39-39F3-FADC3CC6F900">
<createdBy>Horváth Dávid</createdBy>
<createdTime>2018-11-04 20:40:08 UTC</createdTime>
<ownerDesignName>cramhead_dfd_2</ownerDesignName>
<primary>false</primary>
<batchMinimumTransactions>1000</batchMinimumTransactions>
<batchTimeUnit>Second</batchTimeUnit>
<frequencyTimeUnit>Day</frequencyTimeUnit>
<frequencyTimes>0</frequencyTimes>
<interactiveLongestResponseTime>5</interactiveLongestResponseTime>
<interactiveResponseTimeUnit>Second</interactiveResponseTimeUnit>
<mode>Unknown</mode>
<priority>Low</priority>
<peakPeriodsString>000000000000000000000000</peakPeriodsString>
</Process>