<?xml version = '1.0' encoding = 'UTF-8'?>
<Process class="oracle.dbtools.crest.model.design.process.Process" name="Törlés" directorySegmentName="seg_0" id="7E7317EE-4C90-AF40-A99F-B827F2F3DF47">
<createdBy>Horváth Dávid</createdBy>
<createdTime>2018-11-04 20:39:11 UTC</createdTime>
<ownerDesignName>cramhead_dfd_2</ownerDesignName>
<primary>false</primary>
<batchMinimumTransactions>1000</batchMinimumTransactions>
<batchTimeUnit>Second</batchTimeUnit>
<frequencyTimeUnit>Day</frequencyTimeUnit>
<frequencyTimes>0</frequencyTimes>
<interactiveLongestResponseTime>5</interactiveLongestResponseTime>
<interactiveResponseTimeUnit>Second</interactiveResponseTimeUnit>
<mode>Unknown</mode>
<priority>Low</priority>
<peakPeriodsString>000000000000000000000000</peakPeriodsString>
</Process>