<?xml version = '1.0' encoding = 'UTF-8'?>
<Process class="oracle.dbtools.crest.model.design.process.Process" name="Elfogadás feldolgozása" directorySegmentName="seg_0" id="AA0D1FB0-0230-BC8B-8E05-8A064A385721">
<createdBy>Horváth Dávid</createdBy>
<createdTime>2018-11-04 20:39:50 UTC</createdTime>
<ownerDesignName>cramhead_dfd_2</ownerDesignName>
<primary>false</primary>
<batchMinimumTransactions>1000</batchMinimumTransactions>
<batchTimeUnit>Second</batchTimeUnit>
<frequencyTimeUnit>Day</frequencyTimeUnit>
<frequencyTimes>0</frequencyTimes>
<interactiveLongestResponseTime>5</interactiveLongestResponseTime>
<interactiveResponseTimeUnit>Second</interactiveResponseTimeUnit>
<mode>Unknown</mode>
<priority>Low</priority>
<peakPeriodsString>000000000000000000000000</peakPeriodsString>
</Process>